batch_id,customer_id,start_ts,end_ts,moisture,bean_size,sugar_content,density,harvest_year,roasting_time,water_mist
B-109362,990e7ae9-e726-4436-a5ca-8f33c82a8a57,2023-01-10T12:24:21.089Z,2023-01-10T12:35:11.241Z,9.851133141799908,klein,6.363032766759117,1.1259676029255878,2023,10.835877331813975,0
B-261572,6c6f51da-2fe8-4523-a85c-ab405a3b9206,2023-01-10T12:40:11.241Z,2023-01-10T12:52:59.127Z,11.241344195101355,mittel,8.636046155274475,1.126969081139143,2023,12.798088281293053,1
B-859336,69081392-0368-4d21-a2b8-d04606ee0bf4,2023-01-10T12:57:59.127Z,2023-01-10T13:07:20.717Z,10.355402001866508,mittel,9.174704765012994,0.9980052808124144,2023,9.359845624525397,0
B-933812,bd2aeac5-f54c-4ee5-9c66-9ad4e82cdc59,2023-01-10T13:12:20.717Z,2023-01-10T13:23:52.067Z,7.3293112825797975,mittel,6.438654042170405,0.9297880216869205,2022,11.522494795873131,1
B-555777,56de3ce0-b9eb-479c-9cf3-3c59c94c573e,2023-01-10T13:28:52.067Z,2023-01-10T13:43:26.337Z,10.760395702011927,mittel,9.108982282990752,0.9932909894661538,2023,14.571164468723358,0
B-698367,e3183486-6c68-442e-9465-d0764d715763,2023-01-10T13:48:26.337Z,2023-01-10T14:00:19.490Z,11.221171490567647,groß,9.026710879635077,0.8759679372818944,2023,11.885877417137689,0
B-862964,b992fea4-33b5-488c-ac51-d28aebb4fb44,2023-01-10T14:05:19.490Z,2023-01-10T14:17:36.481Z,11.119580895862079,mittel,8.90272787531784,1.083668197307626,2024,12.283191573479765,1
B-689280,1bd794cb-7aa1-427f-a90d-312c481d9d36,2023-01-10T14:22:36.481Z,2023-01-10T14:35:33.512Z,12.161561451109243,groß,9.068928021413948,0.820527380003064,2024,12.950517209434622,1
B-704705,cf1d2268-b220-4d62-9225-ea1dd207600c,2023-01-10T14:40:33.512Z,2023-01-10T14:54:53.992Z,11.667844309097807,mittel,10.033103867480781,0.9208786012988179,2024,14.34132325863532,0
B-133806,3180f770-b008-4775-951e-89ed9a94c012,2023-01-10T14:59:53.992Z,2023-01-10T15:08:35.365Z,10.918360158456874,klein,9.15566107115489,1.190841850571549,2023,8.689550575621134,1
B-849842,7e0135c5-ac8b-41d4-9b21-8058c121f118,2023-01-10T15:13:35.365Z,2023-01-10T15:26:45.507Z,9.859668577082706,klein,8.379753709658964,1.0809700647050173,2022,13.16904810367487,1
B-497036,84ce1ef8-aadc-44be-911b-19c42e4047b3,2023-01-10T15:31:45.507Z,2023-01-10T15:43:13.331Z,6.678078132968017,mittel,5,0.9781922279246258,2022,11.463721721516473,0
B-402375,77fd3865-1c65-44d9-9d3b-a76a5207f120,2023-01-10T15:48:13.331Z,2023-01-10T16:00:33.327Z,10.859236438265171,klein,6.534046230740893,1.1371189757244502,2022,12.333275790623677,0
B-321468,f0bc924f-cb87-42c6-9ebd-beda382ce475,2023-01-10T16:05:33.327Z,2023-01-10T16:19:40.521Z,10.415375374326223,klein,9.429453011214674,1.1465183273349946,2023,14.119900339524753,0
B-977558,c3eaedf2-35d7-463f-8afc-f9dd5f6abf80,2023-01-10T16:24:40.521Z,2023-01-10T16:34:17.219Z,10.543157674390747,groß,7.955688683504193,0.8844582228537168,2022,9.611626697176312,0
B-266760,d2fae981-552c-49d4-b3d9-9ebdb80bad53,2023-01-10T16:39:17.219Z,2023-01-10T16:49:15.702Z,7.446502848359382,groß,5.094426514644385,0.8158182858856806,2024,9.97471111711382,0
B-168399,e1b50ae3-02f2-4899-b1ef-14ded99b18f4,2023-01-10T16:54:15.702Z,2023-01-10T17:02:23.450Z,7.837886919183475,mittel,6.963788447260774,0.9863135373916619,2022,8.129140080572387,0
B-597948,652bc818-2ffc-4c0a-9c42-8f625f486e72,2023-01-10T17:07:23.450Z,2023-01-10T17:18:17.551Z,12.106305706665808,klein,9.293031925413516,1.1492864823525304,2023,10.901682116472447,0
B-725081,7fc2d9cf-ca06-4f71-ba92-25326f6d851c,2023-01-10T17:23:17.551Z,2023-01-10T17:37:57.203Z,9.92088969228669,klein,8.996648137875974,1.1574798978759393,2022,14.660864688757632,1
B-885203,36a167b0-29b9-4c23-aeb7-7dbf93bff693,2023-01-10T17:42:57.203Z,2023-01-10T17:54:42.732Z,11.363001394745249,klein,9.707407065372896,1.154891358735396,2023,11.758825623053061,0
B-291233,d0c40df0-2066-4488-a6b7-57839a3709fe,2023-01-10T17:59:42.732Z,2023-01-10T18:09:01.917Z,10.056636752260923,mittel,8.728878725009217,1.021800288761129,2024,9.31975020869043,0
B-435564,16dab3a7-a7a9-4351-988e-15e6f5c785d4,2023-01-10T18:14:01.917Z,2023-01-10T18:25:03.636Z,10.059512278991491,groß,6.681654111992659,0.8921919754820868,2022,11.028642510849906,0
B-511096,65032936-d616-4fe5-926f-3637cca5facd,2023-01-10T18:30:03.636Z,2023-01-10T18:39:05.092Z,11.876567611951995,mittel,10.713198074947996,1.0196317057825484,2023,9.024276593018755,1
B-535511,abd9681d-de88-47dc-9ad6-4a18de8e22df,2023-01-10T18:44:05.092Z,2023-01-10T18:53:50.070Z,8.967910543565253,klein,7.43557896608606,1.1726792761754607,2023,9.749627796537677,1
B-268710,d741aeab-deef-4100-9be4-e73273337d42,2023-01-10T18:58:50.070Z,2023-01-10T19:11:36.728Z,10.192241553881967,mittel,7.78451610385937,0.9208888416626761,2024,12.777637820527426,0
B-293223,08eb9e75-4d13-40f8-b4c7-18f88b63f0b1,2023-01-10T19:16:36.728Z,2023-01-10T19:26:15.864Z,9.075449422589916,mittel,7.403748005414184,1.002511384958284,2022,9.652253347387942,1
B-191469,7fa27048-4c91-43fb-81bf-3b7080eca63a,2023-01-10T19:31:15.864Z,2023-01-10T19:45:29.380Z,9.131007545135368,mittel,5.528570803209975,1.0239753774000804,2023,14.225268610406603,1
B-161430,ab3791a0-9e23-475e-a71d-7daaa91dc2aa,2023-01-10T19:50:29.380Z,2023-01-10T20:02:20.845Z,9.381655753062722,mittel,7.913977413930849,1.0364470597285225,2022,11.857759418339327,1
B-714557,8459a7c6-7bea-4d67-b15a-926fef2fd2bf,2023-01-10T20:07:20.845Z,2023-01-10T20:19:31.117Z,10.444267543267426,mittel,7.32604252643187,0.9653824612883103,2023,12.17118940788905,1
B-137120,f951daae-0651-4b48-b0fc-bd915a33c811,2023-01-10T20:24:31.117Z,2023-01-10T20:35:57.712Z,9.042502756673045,klein,5.881331919494902,1.1170480362555677,2022,11.443254064784211,0
B-374141,4d4261a7-6023-422d-82cb-b4e7aac6d1f6,2023-01-10T20:40:57.712Z,2023-01-10T20:54:30.454Z,12.511512251147042,klein,8.486850614699744,1.12129496623582,2023,13.545695677087446,0
B-559251,de65bbb7-7293-4f2a-837c-95c399cc00df,2023-01-10T20:59:30.454Z,2023-01-10T21:13:04.433Z,8.210785395560992,groß,7.6813166914387185,0.8768206949945672,2022,13.566319775554021,0
B-954451,4d2ed807-db6e-4e52-9395-d4f0da96c0c0,2023-01-10T21:18:04.433Z,2023-01-10T21:30:44.639Z,9.626256711677282,klein,7.071741975649037,1.2,2023,12.670108703824344,0
B-433064,565f919e-765b-4eca-8b89-695547255d49,2023-01-10T21:35:44.639Z,2023-01-10T21:48:52.414Z,9.12053788345165,klein,8.830158016677819,1.1296269946354198,2023,13.129578211815296,0
B-849579,99a3ef5c-7867-4ee0-b5fc-fbf524f42c67,2023-01-10T21:53:52.414Z,2023-01-10T22:05:26.963Z,12.893955768707466,klein,9.779363151913675,1.1953981156813525,2024,11.575820660159149,1
B-101251,f0a3308c-bd91-475d-97dc-f76637204dee,2023-01-10T22:10:26.963Z,2023-01-10T22:23:32.028Z,10.39310955302315,klein,6.607129684825573,1.1561739904582296,2024,13.084406013818096,0
B-760975,cbe47164-fc30-4f72-9816-7003aa630b75,2023-01-10T22:28:32.028Z,2023-01-10T22:39:51.482Z,12.06368907893727,mittel,8.534426823201157,0.9937857111418782,2024,11.324244449052387,1
B-706917,30409a1f-e7dd-431c-918b-665a4d8b6906,2023-01-10T22:44:51.482Z,2023-01-10T22:56:51.750Z,7.028879253926056,groß,6.858915023147784,0.8394307885091016,2022,12.004463244324803,0
B-944504,5b8f2219-0761-4760-a450-2b2f260d20d5,2023-01-10T23:01:51.750Z,2023-01-10T23:13:18.793Z,10.534100531738517,mittel,8.271382247454147,1.037330568230108,2024,11.450712501267406,0
B-980549,c01211e4-d8f1-45ac-bd3e-0c21c9cc0a75,2023-01-10T23:18:18.793Z,2023-01-10T23:29:23.927Z,11.779261591246874,mittel,8.875121976506898,1.0162788908393534,2023,11.085562921361609,0
B-383095,3cb586d9-a86a-4f7d-9599-760e2941b9ce,2023-01-10T23:34:23.927Z,2023-01-10T23:45:01.233Z,10.16456797855085,mittel,8.291672608693467,1.1137912713823819,2024,10.62177640455642,0
B-380113,a91a87f3-789e-4b3f-8c2c-36826370a5b1,2023-01-10T23:50:01.233Z,2023-01-11T00:02:57.356Z,12.130960750130702,mittel,10.206551336272108,0.9573887678501338,2024,12.93538020771777,1
B-434609,795ca9e8-dd20-4656-98ff-8be7ec1748e2,2023-01-11T00:07:57.356Z,2023-01-11T00:22:34.629Z,8.965423099799256,groß,8.289737295741865,0.8759050851014988,2022,14.621211825626926,1
B-850449,e77d8863-3c85-4de1-8276-c3d005931100,2023-01-11T00:27:34.629Z,2023-01-11T00:41:55.161Z,12.81869488037116,groß,11.703455134189854,0.8235399495094243,2024,14.342203943339118,0
B-890106,eee21d5a-e916-4b1e-afe2-d195fe8de491,2023-01-11T00:46:55.161Z,2023-01-11T00:56:24.373Z,14.5977962472385,klein,11.318468352001716,1.1065356506505677,2024,9.48686932810913,1
B-768830,c93dd570-9fa3-4903-94db-45bd92e903cf,2023-01-11T01:01:24.373Z,2023-01-11T01:15:59.078Z,9.274322879120682,mittel,6.0934106172145075,0.9994566431482514,2024,14.578406102813746,1
B-273723,990e7ae9-e726-4436-a5ca-8f33c82a8a57,2023-01-11T01:20:59.078Z,2023-01-11T01:32:20.898Z,9.108994957198457,mittel,6.87373080463549,1.0068676239703518,2023,11.363682996764142,0
B-463221,0a4ba9d2-309a-4214-a508-6aa8c0e1aaee,2023-01-11T01:37:20.898Z,2023-01-11T01:50:32.986Z,12.906768954235401,groß,10.585695669971207,0.9959086777530046,2024,13.201466030291183,0
B-931565,8920325f-9ed9-4a91-9b48-a4860b992c66,2023-01-11T01:55:32.986Z,2023-01-11T02:05:44.241Z,13.159144291461425,mittel,9.56355650695853,0.99079270921584,2024,10.187569335905579,0
B-590305,05154d4d-d37d-41b9-82e2-a2bcadb694b9,2023-01-11T02:10:44.241Z,2023-01-11T02:23:01.278Z,8.954279945693463,groß,6.206273041659728,0.8,2023,12.28395982774801,0
B-743455,de65bbb7-7293-4f2a-837c-95c399cc00df,2023-01-11T02:28:01.278Z,2023-01-11T02:40:38.925Z,9.159626365808286,mittel,7.671488974196515,1.0136505358747192,2022,12.627446365793814,1
B-622698,4bd81de3-b8db-4af7-bfe8-e550c80a84b9,2023-01-11T02:45:38.925Z,2023-01-11T02:54:40.772Z,9.436430782278986,klein,7.500492274252737,1.0462679981226815,2022,9.030790416160695,0
B-781699,7bf37c03-a7c8-4076-b858-1449fa711b8a,2023-01-11T02:59:40.772Z,2023-01-11T03:12:53.764Z,7.3110989779314455,mittel,5.881676177756743,0.9954021608697867,2022,13.21653433268838,0
B-312686,346d60e0-8c67-4af3-94ed-8a4b3108acdd,2023-01-11T03:17:53.764Z,2023-01-11T03:32:35.277Z,8.162696107031604,groß,5.771661550925214,0.850801264114758,2022,14.691870015676631,0
B-497882,b0a9dad7-a674-4c21-bce8-bc4e1bc0a8f8,2023-01-11T03:37:35.277Z,2023-01-11T03:49:14.319Z,7.991718466495865,groß,6.162974058990925,0.8897300191472606,2024,11.650704108636743,1
B-819782,77fd3865-1c65-44d9-9d3b-a76a5207f120,2023-01-11T03:54:14.319Z,2023-01-11T04:08:57.539Z,8.464404869791743,klein,5.84729075156509,1.1986811124713923,2023,14.720336261656026,1
B-157791,f628c928-1987-43e0-bd64-bcf4905308bf,2023-01-11T04:13:57.539Z,2023-01-11T04:25:34.776Z,9.930630225226437,mittel,8.834702591305938,0.9748215190546141,2022,11.620613013095184,0
B-664149,b7ccc021-16a8-400b-90e0-fb5ea0807088,2023-01-11T04:30:34.776Z,2023-01-11T04:44:16.726Z,10.468429465073042,mittel,9.409992906782186,0.9924692992685034,2024,13.699169062093235,0
B-174970,c60a5f38-119f-477e-8291-6c6e54018b85,2023-01-11T04:49:16.726Z,2023-01-11T04:56:50.498Z,13.101000985628154,klein,8.634612926264431,1.1116939584694663,2023,7.562860068097801,0
B-519870,5ef7ac4a-0533-478a-9b2c-5a93c79da1d9,2023-01-11T05:01:50.498Z,2023-01-11T05:18:40.751Z,8.003291918522418,mittel,5.473122674625524,0.9435968722596153,2023,16.837555558626928,1
B-211009,65d0e32e-105a-4c25-b9af-7d5d166e12df,2023-01-11T05:23:40.751Z,2023-01-11T05:38:40.206Z,11.968644796953168,klein,8.078386582472454,1.1654947389690316,2023,14.990916490485914,0
B-361383,f628c928-1987-43e0-bd64-bcf4905308bf,2023-01-11T05:43:40.206Z,2023-01-11T05:55:06.051Z,9.572022311548983,groß,7.007593914832288,0.8,2023,11.430748991492642,1
B-217161,a598dfdb-3fc4-41b2-82b0-b7e9c5dfc62f,2023-01-11T06:00:06.051Z,2023-01-11T06:08:09.400Z,9.901072580695134,mittel,7.837420094765746,0.9792686549714068,2022,8.055821946712364,1
B-485109,3433d671-b123-4cb5-8253-ee4ddd964a89,2023-01-11T06:13:09.400Z,2023-01-11T06:25:43.964Z,11.349638984333208,groß,7.6300659677680365,0.8002413020050381,2023,12.576056736610978,0
B-240066,76e33ff6-bf77-4345-8356-25e9603b5a5d,2023-01-11T06:30:43.964Z,2023-01-11T06:39:50.693Z,7.754555956875403,klein,5.281784952375009,1.177484159314513,2023,9.112148905852486,0
B-639622,95b5cf7f-ec00-4523-86ee-aabdec32080a,2023-01-11T06:44:50.693Z,2023-01-11T06:57:44.075Z,10.764819492368101,mittel,7.607898221812982,1.0900715049633245,2024,12.889707075114977,0
B-800043,6514d01e-9793-47b2-8900-18f73f69a221,2023-01-11T07:02:44.075Z,2023-01-11T07:15:33.463Z,10.332904416426112,klein,8.473590862539833,1.0849206008598333,2023,12.823131438328565,0
B-775967,56b3fe5d-1583-4c55-90f0-768e06b108d2,2023-01-11T07:20:33.463Z,2023-01-11T07:30:40.494Z,10.984902528016299,klein,8.85726635944929,1.0573490758551214,2024,10.11719366199595,0
B-864940,990e7ae9-e726-4436-a5ca-8f33c82a8a57,2023-01-11T07:35:40.494Z,2023-01-11T07:49:55.011Z,10.578337287815636,klein,7.740932276915255,1.1437556557324966,2024,14.241934047228755,0
B-842462,eabe56e4-a35e-4395-8d2f-44ab107d0e76,2023-01-11T07:54:55.011Z,2023-01-11T08:08:31.679Z,14.91060027982179,klein,12.10530109599683,1.1507848897978878,2024,13.611149405612347,0
B-618354,3cd0a1e6-90b1-4c44-a877-15973721b1af,2023-01-11T08:13:31.679Z,2023-01-11T08:27:28.778Z,8.724520031497368,mittel,6.43293594061063,1.010932965337865,2022,13.951646674577127,0
B-954020,0129d34c-a5cf-4638-82a0-494f54598aba,2023-01-11T08:32:28.778Z,2023-01-11T08:44:29.841Z,8.938006089996364,klein,6.878749761671038,1.1276839742382827,2022,12.017715407337791,1
B-173065,e4b58038-32ed-4989-b1bc-3911e787149d,2023-01-11T08:49:29.841Z,2023-01-11T08:58:39.978Z,8.753718947150471,mittel,8.676427248018914,0.9899680350587284,2022,9.168951866172588,0
B-801128,2c5d7775-0aa3-41a5-92c7-8300f34f1d0e,2023-01-11T09:03:39.978Z,2023-01-11T09:17:37.323Z,8.88904576167949,mittel,8.45169766113394,1.0183755205270302,2022,13.955744544422275,0
B-484003,f8ad80c1-ad53-4039-a458-6f03d4677186,2023-01-11T09:22:37.323Z,2023-01-11T09:34:04.878Z,8.725225745386965,groß,5.680599359381975,0.9020215446322419,2022,11.459257201728418,1
B-613419,53c5f3aa-f153-44b0-a16c-9f1b82fa6e2e,2023-01-11T09:39:04.878Z,2023-01-11T09:48:18.105Z,12.378033062215103,groß,10.732158867651258,0.8,2024,9.220439713614661,0
B-840898,4e89c983-ceb1-4a53-9977-fcce478b66cc,2023-01-11T09:53:18.105Z,2023-01-11T10:08:00.350Z,12.84100849597971,mittel,11.084203351275361,0.9815530280484269,2024,14.704078731948652,1
B-209681,bd2aeac5-f54c-4ee5-9c66-9ad4e82cdc59,2023-01-11T10:13:00.350Z,2023-01-11T10:29:12.278Z,8.858507412501048,mittel,5.938542641248221,1.010690439697053,2023,16.19881504100502,1
B-267274,616b0380-1dac-4fcc-b039-bfb1b7601e7d,2023-01-11T10:34:12.278Z,2023-01-11T10:46:07.329Z,8.335288853791543,klein,7.487008726788095,1.1041011947694632,2022,11.917503742041594,0
B-287953,e6b2b6d5-80d5-4174-ae26-d33a99b32d70,2023-01-11T10:51:07.329Z,2023-01-11T11:07:26.423Z,10.942831112772808,groß,10.2921968086308,0.936558481588365,2024,16.318242309206582,0
B-958246,de9d60a2-81d2-4eae-8499-6ebb52c5027b,2023-01-11T11:12:26.423Z,2023-01-11T11:24:37.381Z,8.895553911438057,klein,5.993898322906032,1.118229505988563,2023,12.1826294572227,0
B-384182,d741aeab-deef-4100-9be4-e73273337d42,2023-01-11T11:29:37.381Z,2023-01-11T11:40:51.726Z,11.265863635511021,klein,8.095188087394554,1.1479353656496358,2023,11.239088191667298,0
B-978881,7a58b22e-707c-4a0e-9b31-53248b3d2ac6,2023-01-11T11:45:51.726Z,2023-01-11T11:56:36.071Z,10.405846041702599,klein,9.342338300205583,1.1778011048421144,2023,10.739083091629045,0
B-464576,f24ee14e-8d65-4a36-9dc1-598898f2343f,2023-01-11T12:01:36.071Z,2023-01-11T12:16:52.521Z,6.968511770005536,mittel,5.846304726830077,0.9704357605599053,2022,15.274164815985484,1
B-645466,b0a9dad7-a674-4c21-bce8-bc4e1bc0a8f8,2023-01-11T12:21:52.521Z,2023-01-11T12:32:18.904Z,13.095010402660122,klein,11.027484597367621,1.057671347609779,2024,10.439712237224457,0
B-250546,7da217d9-6b0a-479c-b65b-9884799a1c64,2023-01-11T12:37:18.904Z,2023-01-11T12:50:47.136Z,13.591755346191043,mittel,11.213993493353332,0.9785672736541733,2023,13.470538619949975,0
B-830167,151e1cb1-fb24-4ba6-b6de-1d409930fef6,2023-01-11T12:55:47.136Z,2023-01-11T13:06:40.037Z,8.774422619031228,klein,7.410234016153127,1.2,2022,10.881672329881583,1
B-297865,8043189a-0444-4dbd-b734-938440b16ac9,2023-01-11T13:11:40.037Z,2023-01-11T13:22:44.800Z,9.224596880128031,mittel,6.053205375791341,0.983155243660743,2022,11.079386474851274,1
B-712032,b496bb1e-d471-4787-8f88-66bf0d5e4f78,2023-01-11T13:27:44.800Z,2023-01-11T13:41:48.430Z,10.57173078144981,klein,9.504702331781298,1.107678284927051,2024,14.060499387939133,0
B-774437,fddb4be5-9d42-4054-a819-ce70c5a24c1d,2023-01-11T13:46:48.430Z,2023-01-11T13:58:02.825Z,10.668913579974049,klein,9.704720856407013,1.196283610475136,2023,11.239926307421293,0
B-220904,f628c928-1987-43e0-bd64-bcf4905308bf,2023-01-11T14:03:02.825Z,2023-01-11T14:14:14.250Z,11.31708854534566,groß,8.824280092208502,0.8334612551988474,2024,11.190409241159413,0
B-900917,f8ad80c1-ad53-4039-a458-6f03d4677186,2023-01-11T14:19:14.250Z,2023-01-11T14:33:30.186Z,14.0204090775327,klein,11.172850312212297,1.1244919593174891,2022,14.265609394349614,1
B-371593,e1b50ae3-02f2-4899-b1ef-14ded99b18f4,2023-01-11T14:38:30.186Z,2023-01-11T14:53:41.874Z,9.6461055450119,groß,6.185776933453799,0.8574728044831654,2023,15.194794586443246,0
B-920888,08a0fd7f-3bca-4984-b4ab-2888797075f5,2023-01-11T14:58:41.874Z,2023-01-11T15:11:59.237Z,8.403405510923093,mittel,7.236979164756311,1.0385375104809393,2022,13.289379606568467,1
B-300238,924f78c9-9f52-422b-a0c6-d3494a7c544a,2023-01-11T15:16:59.237Z,2023-01-11T15:27:40.664Z,7.241361543970946,klein,6.365146676890902,1.2,2023,10.690460448752102,0
B-233348,4642f6aa-5778-483a-8f11-14ee08c3543a,2023-01-11T15:32:40.664Z,2023-01-11T15:43:39.391Z,8.538139920116162,groß,6.768320919093619,0.8913618053828711,2023,10.97878300140484,1
B-205406,d0f9e939-f2b2-4200-833e-4acb5e607f29,2023-01-11T15:48:39.391Z,2023-01-11T16:00:48.981Z,9.933746054252406,klein,9.071350203272429,1.2,2023,12.159830527480075,0
B-734341,6d476a10-65f6-4b07-9c58-784702af0960,2023-01-11T16:05:48.981Z,2023-01-11T16:18:27.493Z,13.589115727035576,groß,10.537215350648522,0.8247016900506072,2024,12.641860123851314,1
B-883153,d2280c57-7e76-4e22-880a-55fc7f92f20f,2023-01-11T16:23:27.493Z,2023-01-11T16:33:28.949Z,8.964777401927657,klein,7.736427847435726,1.0987065947015262,2023,10.024268179720456,1
B-828133,487e9f02-da2b-4310-bcac-9d2c52c3c663,2023-01-11T16:38:28.949Z,2023-01-11T16:51:55.713Z,10.447575903277796,groß,7.338396383930122,0.8531165674809561,2024,13.446075879159729,0
B-128394,367fbc7a-8410-4ee3-b80a-9c179d627ba5,2023-01-11T16:56:55.713Z,2023-01-11T17:09:05.975Z,9.967154207854495,klein,7.950171215409359,1.1553584957629797,2024,12.171026659279198,1
B-637475,00b3b6b5-ad5d-4a14-add7-208f9594a2e5,2023-01-11T17:14:05.975Z,2023-01-11T17:22:40.090Z,12.376786546896168,mittel,9.7270749796141,0.9460743629317702,2024,8.568583362723741,1
B-736860,40fadd1b-cf79-4e3e-9466-1d9e1afccb94,2023-01-11T17:27:40.090Z,2023-01-11T17:37:48.619Z,15,mittel,12.225307922040942,0.9912352735047993,2024,10.142147035078539,1
B-841421,a5c3b487-5961-4c27-9ce4-b772604f0537,2023-01-11T17:42:48.619Z,2023-01-11T17:53:48.123Z,8.938262454159359,groß,6.781083034494129,0.8699658800859565,2023,10.991742652696672,0
B-944384,7fefa7a3-c949-4cd3-8462-4a86976c314c,2023-01-11T17:58:48.123Z,2023-01-11T18:10:39.381Z,9.021121114963556,groß,7.085424296299177,0.8680196697509039,2023,11.85428462231789,0
B-241363,fb6512fa-4b6a-46b1-9711-02ba3751777e,2023-01-11T18:15:39.381Z,2023-01-11T18:31:26.094Z,12.088321754138144,groß,10.496704574752023,0.8752143926692136,2024,15.778557591007992,1
B-829513,94625970-8ab0-4395-b6a8-e8ed1cde62d1,2023-01-11T18:36:26.094Z,2023-01-11T18:48:54.675Z,11.363782979252623,groß,8.654262146163882,0.8645482365068722,2024,12.476342612279257,1
B-682516,6c4f7817-26d7-4b65-87a0-90039994dd23,2023-01-11T18:53:54.675Z,2023-01-11T19:04:13.782Z,13.693414651472068,klein,9.348154620438976,1.124649567036497,2024,10.31845622020275,0
B-855071,f8fe2e25-5491-4258-8c9d-482d3510ed22,2023-01-11T19:09:13.782Z,2023-01-11T19:21:40.258Z,11.167856370651927,klein,10.683869000726963,1.1243049686675577,2022,12.441261608614326,1
B-617153,95d19f91-d406-465d-aae9-a60a9fa022fc,2023-01-11T19:26:40.258Z,2023-01-11T19:37:58.007Z,9.28141581842588,klein,8.80658673343119,1.090052430100306,2023,11.295824505092238,0
B-174415,3ae1eff0-679c-4f7b-832f-d84a4ae297c5,2023-01-11T19:42:58.007Z,2023-01-11T19:55:36.978Z,11.181309661384619,mittel,7.652785034002077,1.0892387519592548,2023,12.649516479067083,1
B-111994,65c7b9f9-1d77-40dc-85bf-23613b6aa932,2023-01-11T20:00:36.978Z,2023-01-11T20:13:46.646Z,12.217407161165816,mittel,10.463633534177848,1.0006725182309646,2024,13.161135374071229,0
B-261816,f2c0bb9b-be88-454c-b3e2-57a8d5250fd8,2023-01-11T20:18:46.646Z,2023-01-11T20:33:11.754Z,11.640964362394728,mittel,8.809796719364439,0.9887573472102574,2024,14.418461294447876,0
B-695444,346d60e0-8c67-4af3-94ed-8a4b3108acdd,2023-01-11T20:38:11.754Z,2023-01-11T20:50:08.840Z,11.014548062214596,klein,9.075125665102735,1.103560395927377,2023,11.951427008659948,0
B-608179,80f65459-2a70-402b-ac15-55fcf0888544,2023-01-11T20:55:08.840Z,2023-01-11T21:10:25.515Z,12.133349379178307,mittel,10.00090363235614,1.146782895116389,2023,15.277921055199666,0
B-896716,8b69faf0-9834-4036-a7de-a357681e6712,2023-01-11T21:15:25.515Z,2023-01-11T21:29:14.478Z,12.338591180891346,klein,9.636465144396755,1.0963335983888551,2024,13.816045325072382,0
B-202651,5b8f2219-0761-4760-a450-2b2f260d20d5,2023-01-11T21:34:14.478Z,2023-01-11T21:44:49.585Z,12.764317982075054,mittel,9.427688720073647,0.9785576037196964,2023,10.585120910375624,0
B-429194,34f606bd-c009-406e-bfa5-e5d0ff78a731,2023-01-11T21:49:49.585Z,2023-01-11T22:06:14.767Z,11.297419775179286,mittel,8.34739476782717,1.020791841814303,2024,16.419711331496927,0
B-134643,3131d948-9e1b-4bf3-9b7f-c7cbaf790af2,2023-01-11T22:11:14.767Z,2023-01-11T22:23:54.007Z,9.665763839366292,mittel,6.816419156011792,1.0300106482872138,2022,12.653989026540195,0
B-627237,618b4a6a-a5e6-4527-808b-e121d7b831c9,2023-01-11T22:28:54.007Z,2023-01-11T22:39:13.792Z,10.293427372866645,mittel,7.4029196900628715,1.0478966027607841,2024,10.32975099205553,1
B-847411,8180923e-9b87-4f2c-a03d-d1d120b12b55,2023-01-11T22:44:13.792Z,2023-01-11T22:59:32.141Z,12.413017933016715,mittel,9.863236056364016,1.0903804253884632,2024,15.305826102460843,0
B-302577,f628c928-1987-43e0-bd64-bcf4905308bf,2023-01-11T23:04:32.141Z,2023-01-11T23:20:41.475Z,8.366128658025527,klein,5.9771429373096705,1.1753078827730354,2022,16.155555170396887,0
B-373450,317cc5ad-f8c8-4574-8c08-996961cb7d6e,2023-01-11T23:25:41.475Z,2023-01-11T23:37:37.512Z,10.737346617745802,mittel,9.271929359909262,0.9471984600016666,2024,11.93394947256088,0
B-246129,aab017ff-329b-46bb-8422-54980b0ac1f7,2023-01-11T23:42:37.512Z,2023-01-11T23:53:37.074Z,9.213322375345278,klein,8.85790405561215,1.1371527437439108,2022,10.992699479248808,1
B-754522,caee0e11-4e42-49ff-93aa-d65e409659a3,2023-01-11T23:58:37.074Z,2023-01-12T00:10:16.389Z,10.057489645869635,mittel,7.465938475325665,1.0153916186256942,2023,11.655250085092677,1
B-996982,384c4628-057a-4e61-b1db-218fef2d88b1,2023-01-12T00:15:16.389Z,2023-01-12T00:28:42.156Z,12.556903725214598,mittel,10.284927480707056,1.1034113020752911,2024,13.4294634550354,0
B-912222,a9be735a-4159-421c-a89a-4a99e68d42b6,2023-01-12T00:33:42.156Z,2023-01-12T00:48:15.499Z,10.382198136039806,klein,8.80544361913478,1.080109726078785,2024,14.555713310061028,1
B-150741,b43019f7-1091-4580-97fc-cec73c918888,2023-01-12T00:53:15.499Z,2023-01-12T01:06:23.958Z,10.092873096312298,klein,8.546300747969113,1.2,2024,13.140974661727148,1
B-219930,a09d9014-4924-4799-a40a-e8f2fe42ff36,2023-01-12T01:11:23.958Z,2023-01-12T01:23:36.165Z,7.280287718040162,groß,5.900185442348217,0.8589957184773208,2022,12.203446416943539,0
B-670765,c30e4af7-cb7f-44d8-8a63-7df97c0518f7,2023-01-12T01:28:36.165Z,2023-01-12T01:43:35.926Z,11.492507132054442,groß,9.936688124003275,0.891891526761474,2023,14.996023540608855,1
B-458896,c7761626-ddff-4437-8836-9f59fe2fbf2b,2023-01-12T01:48:35.926Z,2023-01-12T01:59:58.386Z,11.29096836228215,mittel,9.515023642506376,0.9949002641682034,2024,11.374327053896955,0
B-968340,f0bc924f-cb87-42c6-9ebd-beda382ce475,2023-01-12T02:04:58.386Z,2023-01-12T02:19:02.096Z,14.32650944661092,klein,10.22354513496144,1.1078783684936835,2023,14.061838676733814,0
B-185695,de65bbb7-7293-4f2a-837c-95c399cc00df,2023-01-12T02:24:02.096Z,2023-01-12T02:35:27.528Z,9.384443530093998,klein,8.376710888464473,1.1875436389700664,2023,11.423874403297443,0
B-843176,690550ba-0f09-47ed-a42c-db50104964c9,2023-01-12T02:40:27.528Z,2023-01-12T02:53:19.251Z,10.438300655327877,mittel,9.237931361529043,1.032721551355281,2024,12.862045916021787,0
B-410453,b7ccc021-16a8-400b-90e0-fb5ea0807088,2023-01-12T02:58:19.251Z,2023-01-12T03:10:05.624Z,10.498767367421511,groß,7.6357277897586275,0.8986028482869861,2024,11.772874870419097,0
B-353945,3ad308bf-44ac-4eba-81c6-71283944a65c,2023-01-12T03:15:05.624Z,2023-01-12T03:26:58.921Z,13.15490655952695,klein,10.561863083069163,1.1493347682310682,2024,11.888295634694378,0
B-642796,57d3fdfa-f6ca-4c3e-ab2c-48b801d7387b,2023-01-12T03:31:58.921Z,2023-01-12T03:43:13.635Z,9.809408935226095,mittel,8.530856140991947,0.9700088988340075,2022,11.245226965075581,0
B-915167,49f1524d-b239-4665-ac2b-ff0c4857f5bb,2023-01-12T03:48:13.635Z,2023-01-12T04:02:55.017Z,10.558043051540679,klein,8.237120621653183,1.072060650248808,2023,14.689708062361388,0
B-663091,f666f2d2-1080-4f40-aac2-5d261a71633c,2023-01-12T04:07:55.017Z,2023-01-12T04:18:27.066Z,11.215793019433079,groß,10.045612463312477,0.8909686634069703,2024,10.53414792378293,0
B-244812,e7f16b49-66b9-40f1-8169-13dd9c0ef915,2023-01-12T04:23:27.066Z,2023-01-12T04:33:58.238Z,10.373218246312716,mittel,10.662447091669534,1.0211944741221992,2024,10.519535494902584,0
B-315409,9cfb237d-2c4c-4165-97d9-a5f99ade621c,2023-01-12T04:38:58.238Z,2023-01-12T04:55:12.758Z,9.107132770898943,mittel,6.499720184084173,0.9517108683568021,2022,16.24198713169022,0
B-976181,416fc6d7-1ff2-460d-b3a1-d168edcb27b2,2023-01-12T05:00:12.758Z,2023-01-12T05:14:10.099Z,10.388179985796615,mittel,6.929499385483517,0.9730713163351687,2024,13.955695129308662,1
B-386664,5758585e-5a82-49aa-972f-e23bcfa68fc2,2023-01-12T05:19:10.099Z,2023-01-12T05:26:23.886Z,12.147263499719545,mittel,10.021629395380511,0.976662059402428,2024,7.229772602613927,0
B-656420,5ecbec82-772f-4870-9654-11e4b6de1bdc,2023-01-12T05:31:23.886Z,2023-01-12T05:42:16.055Z,7.9469694011778795,klein,7.079138026068447,1.075850778400879,2022,10.869482521579194,0
B-500480,0b988adc-829c-4cda-9d89-a9bae3bbab9c,2023-01-12T05:47:16.055Z,2023-01-12T05:55:38.616Z,10.265939348293752,klein,7.9818851047902335,1.1091158801697432,2024,8.376021324875891,0
B-736295,d59eb043-2e36-4e73-b61f-9d5cc52ccd4a,2023-01-12T06:00:38.616Z,2023-01-12T06:10:44.533Z,8.599758370121654,groß,8.333067359418358,0.8,2022,10.09861861316949,0
B-533320,80f65459-2a70-402b-ac15-55fcf0888544,2023-01-12T06:15:44.533Z,2023-01-12T06:21:27.911Z,12.390093257849685,groß,8.5734688065565,0.8293760494056032,2023,5.7229706675319205,0
B-332199,27e1c662-59d6-4e91-8f9f-ddc47214f668,2023-01-12T06:43:11.473Z,2023-01-12T06:52:54.440Z,8.882156305456823,mittel,6.499864223606565,0.9186497539566626,2022,9.716116361677377,1
B-291811,ab9dcd35-6d16-43b4-9e91-35b96083c155,2023-01-12T06:57:54.440Z,2023-01-12T07:10:01.628Z,10.754423750129043,groß,10.322916906310532,0.951129511528474,2024,12.119810513592876,0
B-898302,ab65fb82-0c56-4c9d-afaf-2f915eb1f6ec,2023-01-12T07:15:01.628Z,2023-01-12T07:23:46.614Z,13.13104805846868,klein,12.497353799943063,1.2,2022,8.749757482234951,0
B-701797,7f3299a0-a899-40fd-b014-de8f1978b8a8,2023-01-12T07:28:46.614Z,2023-01-12T07:40:56.563Z,9.868499477854025,mittel,7.128142994499872,0.9610490289240007,2022,12.16582370634408,0
B-366440,0f06c8ce-b9d1-4276-9640-fad7676894bc,2023-01-12T07:45:56.563Z,2023-01-12T07:57:06.773Z,8.889600946613603,mittel,6.562123621382303,1.0136210698326804,2022,11.170167443759345,1
B-137225,b11c1744-1f2f-46ce-a93e-cb5fc08957cb,2023-01-12T08:02:06.773Z,2023-01-12T08:17:07.007Z,13.76231413888118,mittel,11.869439198084748,1.0208732544910648,2024,15.003905930377192,1
B-743129,909f4a22-d89f-4726-9fd3-2f0752dde60b,2023-01-12T08:22:07.007Z,2023-01-12T08:36:56.370Z,7.1039721991675115,mittel,5.296047109544495,1.0595542927386739,2023,14.82271372349125,0
B-972462,7359afcd-9273-4ad5-b7ea-2e6aadf76421,2023-01-12T08:41:56.370Z,2023-01-12T08:55:30.612Z,5.602388086759836,klein,5,1.109069748666996,2022,13.570691206020566,0
B-100375,958feacb-cc93-4190-9169-4822254e4312,2023-01-12T09:00:30.612Z,2023-01-12T09:11:51.418Z,10.880028900106664,mittel,8.72941154062774,1.0546053391991213,2022,11.346772438677576,1
B-457197,a9be735a-4159-421c-a89a-4a99e68d42b6,2023-01-12T09:16:51.418Z,2023-01-12T09:32:49.664Z,8.995891551294777,groß,5.277040084838166,0.8226047347896532,2023,15.970760790520586,0
B-997982,36caeefc-e7ac-40f7-8491-d517649df716,2023-01-12T09:37:49.664Z,2023-01-12T09:46:43.300Z,7.9575343657385735,mittel,6.352189746496622,0.9332068797915694,2023,8.893929444320358,0
B-426861,2466c685-cabe-4822-be1c-cd46258370fe,2023-01-12T09:51:43.300Z,2023-01-12T10:00:54.872Z,11.416712894598707,klein,8.44364254161479,1.1862068279657247,2023,9.192882740872674,0
B-745227,f3534af1-57e2-4c40-9ece-3973957185cf,2023-01-12T10:05:54.872Z,2023-01-12T10:17:44.819Z,10.487601427542398,klein,7.896958319634147,1.2,2024,11.832433800221871,0
B-636063,c487f77f-ab78-4d38-a79a-1fd722938c3c,2023-01-12T10:22:44.819Z,2023-01-12T10:39:15.303Z,8.871842738526544,klein,8.54110619429005,1.2,2022,16.508076217842238,1
B-812584,3f944e86-102e-4df8-8858-5b538369aa90,2023-01-12T10:44:15.303Z,2023-01-12T10:55:51.022Z,7.439391202658211,klein,5,1.0900137367454892,2023,11.595322186259825,1
B-143744,2c5d7775-0aa3-41a5-92c7-8300f34f1d0e,2023-01-12T11:00:51.022Z,2023-01-12T11:12:29.033Z,11.74491465656029,mittel,10.20913691199621,1.0349459842540394,2022,11.633509513581437,1
B-583360,2466c685-cabe-4822-be1c-cd46258370fe,2023-01-12T11:17:29.033Z,2023-01-12T11:26:36.004Z,11.300402355917322,mittel,8.76135895440205,0.9795099378103234,2024,9.116179287776381,0
B-138294,9a5a73d2-465a-43be-bb85-50d96c1464ad,2023-01-12T11:31:36.004Z,2023-01-12T11:45:29.515Z,9.801648272441234,mittel,7.561558449457153,1.0391679355262016,2024,13.891859170540757,0
B-325809,cf931358-32fd-4a4f-b21b-77fef332563e,2023-01-12T11:50:29.515Z,2023-01-12T12:04:23.896Z,13.693273992095332,mittel,11.744991089727977,0.9264755224384374,2024,13.906352508658708,0
B-390971,1259006a-94ef-416c-b1e5-6c828ad3e451,2023-01-12T12:09:23.896Z,2023-01-12T12:22:58.585Z,7.859830467347695,groß,6.627915668447047,0.8,2022,13.57815040279982,1
B-133002,5f0e6b0b-b880-487d-9690-ba049ce0d2fe,2023-01-12T12:27:58.585Z,2023-01-12T12:38:43.079Z,6.948949658150522,klein,6.129772723739949,1.1112062588416758,2022,10.741558654305276,1
B-189279,f0bc924f-cb87-42c6-9ebd-beda382ce475,2023-01-12T12:43:43.079Z,2023-01-12T12:54:18.274Z,8.616183860237511,mittel,7.861131748722871,1.0039482022834043,2022,10.586586463253989,0
B-184553,8180923e-9b87-4f2c-a03d-d1d120b12b55,2023-01-12T12:59:18.274Z,2023-01-12T13:08:43.099Z,9.908827967289005,groß,7.595753990647882,0.8179459366730822,2022,9.41375549919006,0
B-644952,9d3f6ed0-dfb8-4cae-a624-a311617a3c48,2023-01-12T13:13:43.099Z,2023-01-12T13:25:53.164Z,10.486678898645383,klein,7.777106384408556,1.1829527171956709,2024,12.167745003521867,0
B-865035,4c956237-c35a-4b87-b975-2327da5c59ed,2023-01-12T13:30:53.164Z,2023-01-12T13:40:43.515Z,9.51752788428734,klein,6.528871780872074,1.2,2022,9.839185341442997,1
B-122504,e0a1b718-3edf-44ed-9c1a-e74475671ff5,2023-01-12T13:45:43.515Z,2023-01-12T13:55:22.225Z,10.704110793028594,groß,7.73787810444392,0.8799788770622677,2024,9.645166989501423,0
B-613141,7c9f81b9-f9d5-4501-aada-d3063dd277c5,2023-01-12T14:00:22.225Z,2023-01-12T14:11:31.382Z,7.496921151619112,mittel,8.946631346604015,1.0809393819830433,2022,11.152618566178647,0
B-406941,690550ba-0f09-47ed-a42c-db50104964c9,2023-01-12T14:16:31.382Z,2023-01-12T14:27:32.684Z,12.88752920814652,mittel,11.554702947254002,1.0207913314727672,2022,11.021687649631568,0
B-167440,fd08cdc6-834c-4231-b694-d57f4ffaf3fb,2023-01-12T14:32:32.684Z,2023-01-12T14:43:28.126Z,9.835697643214862,klein,6.517483748363869,1.0891551644829915,2022,10.92404294235609,0
B-131150,91b9deb6-1102-43be-afbe-89e8bd6f9a8a,2023-01-12T14:48:28.126Z,2023-01-12T15:01:24.100Z,12.234591663176255,mittel,8.465215373797434,1.068168825676917,2024,12.932889193680523,1
B-223685,68f574e3-205c-4fed-a678-18c0a8270594,2023-01-12T15:06:24.100Z,2023-01-12T15:18:33.585Z,10.685450692755408,mittel,9.03022661592282,0.9697421882197002,2024,12.15809560430056,1
B-249920,88f95bbc-ec41-4cb0-bed8-56ca9a38a155,2023-01-12T15:23:33.585Z,2023-01-12T15:34:59.007Z,10.913506438307568,klein,9.27806994802402,1.1955209249842784,2024,11.423687938977764,1
B-751669,e95d8de0-42e8-4a31-9456-fc62e188a032,2023-01-12T15:39:59.007Z,2023-01-12T15:52:20.968Z,11.139534560464408,mittel,9.46051148368889,1.0786867108277554,2023,12.366025856622963,1
B-541373,8b69faf0-9834-4036-a7de-a357681e6712,2023-01-12T15:57:20.968Z,2023-01-12T16:07:21.985Z,10.89541712003463,klein,8.461377902474005,1.1728344005365199,2024,10.016945917790736,0
B-472799,f628c928-1987-43e0-bd64-bcf4905308bf,2023-01-12T16:12:21.985Z,2023-01-12T16:24:34.618Z,11.285445519735088,mittel,8.90290215578517,0.9251920593417675,2023,12.210557247819356,0
B-325094,35d71283-478b-4fbc-be21-f894d53b1d53,2023-01-12T16:29:34.618Z,2023-01-12T16:41:52.691Z,12.658305060264862,klein,10.454523572371247,1.1040893916745103,2024,12.301204985689267,0
B-845927,d4f4077b-8cd5-468c-a0d8-c022a4edaaaa,2023-01-12T16:46:52.691Z,2023-01-12T16:55:52.325Z,10.39304233940294,klein,8.400326877815683,1.2,2024,8.993906281285039,1
B-168085,c93dd570-9fa3-4903-94db-45bd92e903cf,2023-01-12T17:00:52.325Z,2023-01-12T17:14:51.808Z,11.418007515177024,klein,6.915105639394085,1.1415438657178592,2024,13.991387508740724,0
B-100169,f04cd2f0-b6ec-4091-af44-9943ac8ebddc,2023-01-12T17:19:51.808Z,2023-01-12T17:30:06.036Z,9.820528611425546,klein,7.626623258565243,1.1539786767471083,2022,10.23713258954601,0
B-437372,e0741b4f-ed65-4399-99d7-1e65f9b2e255,2023-01-12T17:35:06.036Z,2023-01-12T17:47:16.873Z,12.880234430898945,groß,9.452781110458842,0.8879412208081805,2024,12.18061959841287,0
B-936183,16161860-fa54-4c37-86f0-2d63142451d3,2023-01-12T17:52:16.873Z,2023-01-12T18:06:36.603Z,8.64721539588146,klein,7.0929837356136805,1.184816143104016,2022,14.32882348107054,0
B-675254,5f7e3da9-5348-49c2-a188-564f14f585c0,2023-01-12T18:11:36.603Z,2023-01-12T18:25:27.684Z,13.60188086582163,mittel,13.866763695260715,1.013939990619273,2024,13.85135351542774,1
B-617546,26f5597a-9a03-4179-b42d-268a38e4efdb,2023-01-12T18:30:27.684Z,2023-01-12T18:42:31.804Z,9.919684098711313,klein,8.303228944443354,1.1395665814389766,2022,12.06866677713767,1
B-207627,4c956237-c35a-4b87-b975-2327da5c59ed,2023-01-12T18:47:31.804Z,2023-01-12T18:58:48.304Z,7.138449795763904,mittel,5.397230150438726,0.9843665777133821,2024,11.275001994235863,0
B-197475,256f78ea-8786-47cd-99cf-d9f5d670da1e,2023-01-12T19:03:48.304Z,2023-01-12T19:17:42.006Z,10.256208829821578,groß,9.126768565834515,0.8928949412645671,2024,13.895023817151134,0
B-932876,351f2a6d-8b2e-4b77-99d8-91e4931a8313,2023-01-12T19:22:42.006Z,2023-01-12T19:36:02.969Z,8.637896685050238,klein,7.3930052352494044,1.1776784765533896,2022,13.349389955617239,1
B-232702,e0741b4f-ed65-4399-99d7-1e65f9b2e255,2023-01-12T19:41:02.969Z,2023-01-12T19:51:48.765Z,11.681287097977448,groß,9.7651241688338,0.8371349999691104,2024,10.76326995991174,1
B-880393,a49acda0-487e-42fd-afc0-923f32cc86f2,2023-01-12T19:56:48.765Z,2023-01-12T20:07:13.378Z,8.694752041395219,klein,7.5626522263318465,1.2,2022,10.410212705996619,0
B-326229,13bb617e-8b82-4ff3-bbb8-092b98d9a595,2023-01-12T20:12:13.378Z,2023-01-12T20:20:04.695Z,9.10763313357044,mittel,9.342650071685894,0.9935482942435108,2022,7.855289636608004,0
B-921425,36caeefc-e7ac-40f7-8491-d517649df716,2023-01-12T20:25:04.695Z,2023-01-12T20:37:23.179Z,6.220918538108938,mittel,5,0.9574168912832803,2023,12.308063683367175,0
B-585857,1931e795-d214-4276-bd56-608f10fb4aa1,2023-01-12T20:42:23.179Z,2023-01-12T20:54:13.255Z,9.095387361501846,groß,7.749941966012932,0.8120514650548327,2024,11.834604509963203,0
B-100360,d8da16e5-1179-493a-8188-77cac80875c6,2023-01-12T20:59:13.255Z,2023-01-12T21:13:29.598Z,5.152241346742087,mittel,5,0.9510629581845117,2022,14.272382749285084,1
B-986159,9d6b0654-c0ab-4567-b256-7316c34c04fc,2023-01-12T21:18:29.598Z,2023-01-12T21:31:12.685Z,6.832194353028553,mittel,6.021268128765091,0.9863794991698156,2022,12.718110186960732,0
B-163889,c607a213-0491-4431-8069-605b33a5f72c,2023-01-12T21:36:12.685Z,2023-01-12T21:50:52.793Z,11.520829312288594,klein,8.297976938344782,1.2,2024,14.668458388345382,0
B-596385,49cdebeb-1e25-4e88-8c3c-def979bd2d3e,2023-01-12T21:55:52.793Z,2023-01-12T22:06:29.109Z,11.571600317301664,klein,8.839913440236247,1.1097452409484745,2023,10.605271544167659,0
B-454038,fb7aa2e9-04a5-4149-871b-7d530d1c7c9e,2023-01-12T22:11:29.109Z,2023-01-12T22:25:45.687Z,10.85091512356993,groß,8.385642184618039,0.8594237880509051,2024,14.276300661935236,0
B-110976,abd9681d-de88-47dc-9ad6-4a18de8e22df,2023-01-12T22:30:45.687Z,2023-01-12T22:41:42.217Z,8.066047713741574,mittel,7.4286548903379686,0.9671655327186294,2022,10.94216724179069,0
B-705259,177dc12e-606d-47b2-802a-f5d1c09d8979,2023-01-12T22:46:42.217Z,2023-01-12T23:00:15.528Z,9.904577287716041,mittel,8.842116274115247,0.9869845479364281,2022,13.555192123584543,0
B-814134,32a16a7a-74ae-456b-b651-5587b8063c9c,2023-01-12T23:05:15.528Z,2023-01-12T23:14:20.477Z,9.992794921818863,mittel,6.748518561008707,0.9244979394007373,2023,9.082483214938613,0
B-163144,32a16a7a-74ae-456b-b651-5587b8063c9c,2023-01-12T23:19:20.477Z,2023-01-12T23:31:48.694Z,7.6832706216149145,mittel,6.201550608291781,0.9889730885421731,2022,12.470270598732377,0
B-122750,1bb07f37-77dc-448b-a709-6232bd286f08,2023-01-12T23:36:48.694Z,2023-01-12T23:44:50.531Z,13.006796603534301,groß,9.69585742807827,0.8403147310097518,2024,8.03062411710818,0
B-902606,6be0625d-38c7-442e-a2fc-a6f7a99c749f,2023-01-12T23:49:50.531Z,2023-01-13T00:01:18.475Z,11.754724581151343,mittel,8.14527475424574,1.0270143972017847,2023,11.465725028116491,0
B-284051,ebdafc53-eb36-4c65-8d0c-ee8d3627828a,2023-01-13T00:06:18.475Z,2023-01-13T00:19:11.317Z,9.558071652340672,mittel,7.4294402714481675,1.0111640456627686,2022,12.880707987755827,0
B-643858,16161860-fa54-4c37-86f0-2d63142451d3,2023-01-13T00:24:11.317Z,2023-01-13T00:35:08.801Z,10.053771677989062,groß,7.734534553935431,0.8,2023,10.958062897537808,0
B-798595,5e02b5b7-813b-41b7-a59c-c2e9e5c9010b,2023-01-13T00:40:08.801Z,2023-01-13T00:50:02.748Z,10.416765615895105,klein,10.760128979061607,1.2,2024,9.899124742488066,0
B-698878,7fc2d9cf-ca06-4f71-ba92-25326f6d851c,2023-01-13T00:55:02.748Z,2023-01-13T01:08:44.283Z,5.916530263151419,klein,5.166184035881832,1.1605151520110997,2023,13.692236938591867,0
B-606862,30a55bb8-56f8-4f2d-a5d3-0b229cd776c1,2023-01-13T01:13:44.283Z,2023-01-13T01:25:31.867Z,9.505645234958806,mittel,6.226898687212808,1.0099196758588744,2023,11.793074420306153,1
B-135464,125c887d-345c-4a9e-82f1-0df0a5801707,2023-01-13T01:30:31.867Z,2023-01-13T01:41:33.119Z,8.636031504004404,klein,6.344051199032581,1.149540882330743,2022,11.020858705938657,1
B-568587,328ebda9-8d18-4d2e-b6c2-9cfead1ee725,2023-01-13T01:46:33.119Z,2023-01-13T01:58:38.146Z,7.996759980210169,mittel,7.418791279597534,0.974112127638889,2023,12.083791842308553,0
B-334660,34f606bd-c009-406e-bfa5-e5d0ff78a731,2023-01-13T02:03:38.146Z,2023-01-13T02:20:54.546Z,9.43779941422809,groß,9.638682304252399,0.8608901169874363,2022,17.273338283891178,1
B-946302,e74c33e0-b6ae-4e95-bca2-5ce5ff24156b,2023-01-13T02:25:54.546Z,2023-01-13T02:40:12.967Z,13.595373053699046,mittel,9.290315130721279,1.0237794217964291,2022,14.307005699563089,0
B-170397,c607a213-0491-4431-8069-605b33a5f72c,2023-01-13T02:45:12.967Z,2023-01-13T02:59:32.476Z,11.28168572253402,mittel,7.145424192888171,0.9126552154327222,2024,14.32514733637568,0
B-891293,c108624d-d840-44b2-946d-97f323195c4c,2023-01-13T03:04:32.476Z,2023-01-13T03:17:24.741Z,8.857642020434406,groß,8.957078791719308,0.8230619581326952,2023,12.871092637984727,0
B-422465,e59b15b9-4b8f-43cd-9a0b-c7381b8aea6e,2023-01-13T03:22:24.741Z,2023-01-13T03:34:44.719Z,11.145165562712318,mittel,9.305746627540758,0.9872526514798206,2024,12.332970545154295,0
B-480766,4d2ed807-db6e-4e52-9395-d4f0da96c0c0,2023-01-13T03:39:44.719Z,2023-01-13T03:46:57.189Z,12.798710873172004,mittel,9.370675966661238,1.0128085302847138,2022,7.2078354233391675,0
B-943516,7db89654-32b4-401e-be29-4c6c2190ea64,2023-01-13T03:51:57.189Z,2023-01-13T04:02:35.712Z,11.849267365825538,mittel,10.014042978782866,1.0596655502963563,2024,10.642039307073736,0
B-134441,f51697cd-1291-4d48-961d-1d5d1dfa057d,2023-01-13T04:07:35.712Z,2023-01-13T04:18:38.043Z,10.119260739840348,groß,5.4596608528554,0.8114129592701609,2022,11.03885117359505,1
B-368035,4dc1c87a-a99d-4a1e-9656-df8c509ef1fd,2023-01-13T04:23:38.043Z,2023-01-13T04:31:53.056Z,8.706126444588852,mittel,6.968276662268243,0.9751019076591079,2024,8.250215871904935,0
B-698127,3426c0c4-c510-4ba4-b656-2aa4a58ffa23,2023-01-13T04:36:53.056Z,2023-01-13T04:46:34.166Z,11.39644662722718,mittel,9.444978474624829,0.9743732944676725,2024,9.685168419569132,0
B-304629,6041604b-9e83-4706-9ad5-c4b32f4d3c46,2023-01-13T04:51:34.166Z,2023-01-13T04:59:36.466Z,10.7869707708435,groß,9.55384675621263,0.8099236204947728,2023,8.038327058154731,0
B-552895,ca869309-d37c-43d5-8328-0413bd0dbd66,2023-01-13T05:04:36.466Z,2023-01-13T05:16:31.867Z,11.790386440055464,mittel,8.418413199751834,0.9826406752443869,2022,11.923352328605255,0
B-399298,d76fe57d-d5ab-434b-aa10-755c298caadd,2023-01-13T05:21:31.867Z,2023-01-13T05:35:10.119Z,11.270343603363939,mittel,9.10196204409451,1.0385401109993986,2024,13.637531941697633,1
B-102476,65c7b9f9-1d77-40dc-85bf-23613b6aa932,2023-01-13T05:40:10.119Z,2023-01-13T05:54:22.932Z,12.09910543063867,groß,8.753859718451348,0.8,2024,14.213549037248658,1
B-832340,de65bbb7-7293-4f2a-837c-95c399cc00df,2023-01-13T05:59:22.932Z,2023-01-13T06:12:12.706Z,8.929529576878863,mittel,7.399007417177408,1.021390719757645,2022,12.829568924158483,1
B-218585,e77d8863-3c85-4de1-8276-c3d005931100,2023-01-13T06:17:12.706Z,2023-01-13T06:27:17.098Z,12.634788131268651,mittel,9.212484182651899,0.9149048884990832,2024,10.073207317602861,0
B-563331,95d19f91-d406-465d-aae9-a60a9fa022fc,2023-01-13T06:32:17.098Z,2023-01-13T06:40:25.250Z,10.3951992093848,groß,7.9080585283476195,0.8219331001778897,2024,8.135869682960081,0
B-686030,d274e69a-409f-48f1-8fbd-727df31fe16b,2023-01-13T06:45:25.250Z,2023-01-13T06:53:54.426Z,14.150521745250531,mittel,10.324602001410197,0.9835255349891007,2024,8.486262601196996,0
B-441581,c782be15-9fec-445a-bd0e-ef8144fdcdce,2023-01-13T06:58:54.426Z,2023-01-13T07:08:22.148Z,8.621624363820864,mittel,7.548435732880349,1.0837429836457033,2022,9.462034845491003,0
B-481390,f299720d-15a1-447c-b06a-453f5b424d9a,2023-01-13T07:13:22.148Z,2023-01-13T07:23:35.485Z,13.4719276063305,groß,11.635993201721066,0.8362598847623656,2024,10.22228060392865,0
B-976461,58b01c0b-694e-4d23-9dd2-4e1f87cc8a0a,2023-01-13T07:28:35.485Z,2023-01-13T07:40:16.315Z,10.395821566925296,groß,8.082036683582823,0.8,2024,11.680503004016828,1
B-191544,43ec76cc-9771-41c1-8280-a43432b4db77,2023-01-13T07:45:16.315Z,2023-01-13T07:55:14.615Z,8.697163992771102,mittel,6.995969189176911,0.9000555546569375,2023,9.971671563746064,0
B-217381,3c72cbb1-7709-4a61-801d-822750b23aa7,2023-01-13T08:00:14.615Z,2023-01-13T08:12:55.293Z,9.032228331891357,klein,5.777191250879542,1.151701479317334,2023,12.677951787336523,0
B-662516,aab017ff-329b-46bb-8422-54980b0ac1f7,2023-01-13T08:17:55.293Z,2023-01-13T08:29:27.420Z,9.35930538361136,mittel,7.187767658882302,1.0306885427894954,2022,11.535452994401055,1
B-311945,7fa27048-4c91-43fb-81bf-3b7080eca63a,2023-01-13T08:34:27.420Z,2023-01-13T08:46:28.685Z,10.848331892803833,mittel,8.628460897201322,1.0187727928813626,2023,12.021091423482051,1
B-927906,384c4628-057a-4e61-b1db-218fef2d88b1,2023-01-13T08:51:28.685Z,2023-01-13T09:05:45.515Z,11.045670976071,mittel,11.457329871886776,1.0083785052900496,2023,14.28050110534241,0
B-394737,57d3fdfa-f6ca-4c3e-ab2c-48b801d7387b,2023-01-13T09:10:45.515Z,2023-01-13T09:20:23.888Z,8.852599992122842,mittel,5.970112967924111,1.0581129798752833,2024,9.63953653159926,0
B-792546,f1fb4a11-cee3-4625-bf9d-255beff4c1db,2023-01-13T09:25:23.888Z,2023-01-13T09:38:14.132Z,9.951290815478034,mittel,9.425209891134864,0.9730204389631434,2022,12.837409156584737,0
B-961880,e902d4d9-e7c4-496c-9384-784ac53b00eb,2023-01-13T09:43:14.132Z,2023-01-13T09:55:12.455Z,14.284540717223727,mittel,12.42449134724479,1.0447455278013413,2024,11.972053543047853,0
B-702586,99a3ef5c-7867-4ee0-b5fc-fbf524f42c67,2023-01-13T10:00:12.455Z,2023-01-13T10:11:32.437Z,13.455086340201422,klein,11.044705476651275,1.068399255748679,2022,11.33302743806061,0
B-473187,43c74d0a-d295-44ca-aef2-66ab008e207c,2023-01-13T10:16:32.437Z,2023-01-13T10:30:18.668Z,10.872647339348065,mittel,10.456738355673586,0.9547526083530967,2022,13.770512641731921,0
B-842285,f8fe2e25-5491-4258-8c9d-482d3510ed22,2023-01-13T10:35:18.668Z,2023-01-13T10:49:04.149Z,10.0760069563364,mittel,8.432911037675984,0.9096479302534092,2023,13.758028309114014,0
B-480535,e0a1b718-3edf-44ed-9c1a-e74475671ff5,2023-01-13T10:54:04.149Z,2023-01-13T11:04:10.570Z,10.240062653436523,klein,8.581209318417148,1.1362577349665104,2023,10.107018408023144,0
B-881410,04a76de8-496e-4673-8f49-15b5cdae0ff2,2023-01-13T11:09:10.570Z,2023-01-13T11:20:48.711Z,11.227035945460834,klein,8.928508103351122,1.1476869391366828,2024,11.635678832284151,1
B-539358,58b01c0b-694e-4d23-9dd2-4e1f87cc8a0a,2023-01-13T11:25:48.711Z,2023-01-13T11:38:22.457Z,7.954414869603189,mittel,7.587100778101179,1.005705074611326,2022,12.562423365168131,1
B-188403,7ae52b4a-bed1-419b-88e5-27a1c06b71e9,2023-01-13T11:43:22.457Z,2023-01-13T11:54:49.696Z,9.48524692515331,mittel,8.684666773933532,1.0030941676443568,2022,11.45398650395483,0
B-653805,0879f41b-271f-4dfe-b206-c1209e5c65c0,2023-01-13T11:59:49.696Z,2023-01-13T12:12:59.898Z,6.662831852244821,klein,5,1.1036223334594135,2022,13.170042664575597,1
B-559859,ce6036aa-aea2-4f52-af5a-5df47e9d06ec,2023-01-13T12:17:59.898Z,2023-01-13T12:30:33.641Z,10.798446245210558,groß,7.319509801569679,0.8404879577793392,2023,12.562384035820552,0
B-911708,6638c56c-0a7c-4bf7-b60a-ee6b140d819b,2023-01-13T12:35:33.641Z,2023-01-13T12:51:13.549Z,11.294391879405483,mittel,8.83253286612873,0.9251276665697126,2024,15.665122480712025,0
B-946700,dbf0ac9c-e489-4c4a-9f94-9fe9f215bcc5,2023-01-13T12:56:13.549Z,2023-01-13T13:05:09.915Z,9.033627075401252,groß,6.4268630959233555,0.9181614487566125,2022,8.939441728140425,0
B-916596,26f5597a-9a03-4179-b42d-268a38e4efdb,2023-01-13T13:10:09.915Z,2023-01-13T13:21:55.223Z,13.147973526580065,mittel,10.454854246648697,0.9848186963551,2022,11.755128020505206,0
B-490738,cf87b4c6-41e2-4e83-9820-5150b0ba3594,2023-01-13T13:26:55.223Z,2023-01-13T13:37:06.203Z,7.548468673995318,mittel,7.2762130738803945,0.9755556940478154,2022,10.182994976975618,0
B-523481,c1b8c4e3-9dbc-4066-a6d9-e69b94cbb465,2023-01-13T13:42:06.203Z,2023-01-13T13:55:18.696Z,7.07125023958036,groß,5.199698536577498,0.9294470164222042,2024,13.208214910878088,1
B-937271,0d95e5e9-e862-49f7-8e37-c56648482d55,2023-01-13T14:00:18.696Z,2023-01-13T14:09:04.635Z,10.448903637119944,mittel,8.31629952838438,0.9378876733225385,2022,8.76565621990891,0
B-345906,7f3299a0-a899-40fd-b014-de8f1978b8a8,2023-01-13T14:14:04.635Z,2023-01-13T14:26:46.192Z,12.094196605224308,mittel,9.733380018987843,0.9437206442984015,2024,12.692625420449772,1
B-167142,ab55cb93-a74f-4556-aad9-9888801bd431,2023-01-13T14:31:46.192Z,2023-01-13T14:42:30.587Z,13.367855382915737,klein,11.542715188537876,1.0951889837565716,2024,10.739903137303317,0
B-454368,bb924070-f6b5-47c7-ae70-d4559a8bf6a2,2023-01-13T14:47:30.587Z,2023-01-13T14:58:02.487Z,9.08223147426212,mittel,5.0188958454250905,0.9966064309150259,2022,10.531676267757971,0
B-989046,4bd81de3-b8db-4af7-bfe8-e550c80a84b9,2023-01-13T15:03:02.487Z,2023-01-13T15:12:08.907Z,12.157361666862592,klein,9.119189038724777,1.1715815814818797,2024,9.107003592918625,0
B-102382,c23244c7-81f1-4a0c-8edf-6d3ed5448246,2023-01-13T15:17:08.907Z,2023-01-13T15:28:13.098Z,9.922983060998586,klein,8.149670141078342,1.1869837734058917,2022,11.069848107597988,0
B-639540,0affee22-b431-458c-bedc-0f7df06adf0b,2023-01-13T15:33:13.098Z,2023-01-13T15:47:23.238Z,9.65474540011836,klein,8.92387527652155,1.2,2022,14.169001060581852,0
B-339033,9a5a73d2-465a-43be-bb85-50d96c1464ad,2023-01-13T15:52:23.238Z,2023-01-13T16:04:20.216Z,11.767319874973344,klein,8.92195345247247,1.0375283772899617,2022,11.949622632941042,0
B-403044,d2280c57-7e76-4e22-880a-55fc7f92f20f,2023-01-13T16:09:20.216Z,2023-01-13T16:22:35.537Z,11.30464575682684,groß,7.167163899419599,0.8804367794562208,2024,13.255360835748949,0
B-478918,5f0fee94-c4c6-4c76-83fc-ecdf66173887,2023-01-13T16:27:35.537Z,2023-01-13T16:42:55.294Z,6.847215686031501,klein,6.097483994791338,1.1221434713713883,2023,15.32928364393255,0
B-768927,cf1d2268-b220-4d62-9225-ea1dd207600c,2023-01-13T16:47:55.294Z,2023-01-13T17:00:26.945Z,12.953080699451792,mittel,9.727102170735805,0.9706792425555614,2024,12.527511169645152,0
B-688642,66887550-327b-4bf7-8687-671250a7d8bd,2023-01-13T17:05:26.945Z,2023-01-13T17:16:19.889Z,12.760182708294902,groß,9.01847950754556,0.8190113935873061,2024,10.882400855875318,0
B-537717,c3eaedf2-35d7-463f-8afc-f9dd5f6abf80,2023-01-13T17:21:19.889Z,2023-01-13T17:34:15.959Z,8.748874596980942,mittel,6.3747542878715295,0.9545615164596013,2024,12.93450443036558,0
B-471804,99fba501-147c-46b5-965d-e32c6fe1d480,2023-01-13T17:39:15.959Z,2023-01-13T17:50:10.644Z,10.791607066874818,klein,8.448760295844005,1.2,2024,10.911407707371417,1
B-107880,0affee22-b431-458c-bedc-0f7df06adf0b,2023-01-13T17:55:10.644Z,2023-01-13T18:06:10.113Z,10.988060372565478,mittel,8.18570363351417,1.0421148663506952,2024,10.99115463340566,1
B-829110,9d6b0654-c0ab-4567-b256-7316c34c04fc,2023-01-13T18:11:10.113Z,2023-01-13T18:20:07.726Z,10.521347531647814,mittel,6.211511968219183,1.0011597989278687,2023,8.96021440076203,0
B-515958,dbf0ac9c-e489-4c4a-9f94-9fe9f215bcc5,2023-01-13T18:25:07.726Z,2023-01-13T18:38:58.877Z,8.89938969230916,mittel,8.016577950734462,1.06755078762435,2023,13.852514982168785,0
B-911354,5ce98858-deb2-4674-bdaa-39b54d9c43c2,2023-01-13T18:43:58.877Z,2023-01-13T18:55:12.557Z,8.656753264123896,mittel,8.200277652577839,0.9243735517350562,2023,11.22799484870112,0
B-965862,ab0aecc3-6dc3-4f95-8456-a4bd58ce2846,2023-01-13T19:00:12.557Z,2023-01-13T19:12:34.408Z,9.94889185801711,groß,8.610635477753194,0.8,2022,12.364196491631724,1
B-209156,f7c81eb3-0c1a-4a63-850d-3fd6b1e3f2da,2023-01-13T19:17:34.408Z,2023-01-13T19:27:30.093Z,12.345458038518728,mittel,8.738680760390166,0.8911016133902656,2024,9.928076142786722,0
B-952147,80a3839f-43fc-4000-a7aa-c3994fb297ef,2023-01-13T19:32:30.093Z,2023-01-13T19:45:22.407Z,11.087200309188864,mittel,8.668268713403574,0.9650292729938357,2022,12.871895259430945,0
B-819803,f0a3308c-bd91-475d-97dc-f76637204dee,2023-01-13T19:50:22.407Z,2023-01-13T20:00:50.974Z,9.258771335827788,mittel,7.400495753432773,1.0080849263352376,2024,10.476117523729833,0
B-988108,8180923e-9b87-4f2c-a03d-d1d120b12b55,2023-01-13T20:05:50.974Z,2023-01-13T20:17:33.969Z,11.543397421296689,klein,9.83351232659926,1.1551429288966166,2024,11.716582556596352,0
B-102224,dff4930b-eec6-41bf-93c4-591f456194d6,2023-01-13T20:22:33.969Z,2023-01-13T20:36:19.308Z,4.302914758739849,groß,5,0.857467095552994,2023,13.755652062478251,1
B-199690,3426c0c4-c510-4ba4-b656-2aa4a58ffa23,2023-01-13T20:41:19.308Z,2023-01-13T20:54:54.199Z,12.297531400744207,klein,9.10385132181687,1.0794471584466958,2024,13.581518624465058,1
B-115339,ad65db4b-e430-4c26-ba70-213539bca947,2023-01-13T20:59:54.199Z,2023-01-13T21:11:51.555Z,6.5205724424438,mittel,5.298453510368601,1.0401577371307011,2022,11.955939854966118,0
B-115344,1df88d67-55ac-4c9b-9b50-7200cfbe1b0e,2023-01-13T21:16:51.555Z,2023-01-13T21:25:19.380Z,9.275118117193736,groß,7.87737489837023,0.8619813759119499,2022,8.463737934586563,1
B-869260,b02de0e4-7bdc-4803-ac82-1508d9cf700b,2023-01-13T21:30:19.380Z,2023-01-13T21:48:18.517Z,7.760660210747712,mittel,7.664350490744937,1.0366527140733,2022,17.98562114012128,0
B-447189,f51697cd-1291-4d48-961d-1d5d1dfa057d,2023-01-13T21:53:18.517Z,2023-01-13T22:08:48.020Z,7.410637048558188,mittel,6.633016178671274,0.9053618911204974,2022,15.491717940546271,1
B-255389,4642f6aa-5778-483a-8f11-14ee08c3543a,2023-01-13T22:13:48.020Z,2023-01-13T22:27:14.741Z,12.32165357475704,mittel,10.646379547181152,1.0155745429398895,2024,13.445349649776597,1
B-262748,e4e2f9f0-0ad1-4b5e-a4b6-c3d7a9979fce,2023-01-13T22:32:14.741Z,2023-01-13T22:42:44.356Z,9.064597597376217,groß,7.335504705830335,0.8,2022,10.493592436818059,0
B-735765,1a70e5d3-1c9b-467c-a891-e910578e36cd,2023-01-13T22:47:44.356Z,2023-01-13T22:59:30.725Z,10.69300776346143,mittel,9.964865355972648,0.9801338373724319,2023,11.772815676596071,1
B-536803,31f1c229-34e0-4baf-a31a-1f67c2cf1978,2023-01-13T23:04:30.725Z,2023-01-13T23:15:25.515Z,9.906158842241632,groß,8.334689869752804,0.8767182449318192,2023,10.913159140446966,0
B-604074,5e90b375-1422-4971-aff9-0603f1fccfaf,2023-01-13T23:20:25.515Z,2023-01-13T23:34:57.178Z,10.954081654446243,klein,7.902177413383424,1.1545546803127955,2023,14.527711878192777,0
B-873858,f7a62dfe-4147-4251-afa3-57654dba4253,2023-01-13T23:39:57.178Z,2023-01-13T23:52:28.678Z,10.153643782120511,mittel,9.5262849958216,0.9574230010110341,2022,12.525005781703667,0
B-291002,c23244c7-81f1-4a0c-8edf-6d3ed5448246,2023-01-13T23:57:28.678Z,2023-01-14T00:07:54.578Z,7.434015551622861,groß,6.645115713837317,0.8503136578092209,2022,10.431672283280335,0
B-809699,d8da16e5-1179-493a-8188-77cac80875c6,2023-01-14T00:12:54.578Z,2023-01-14T00:23:58.088Z,11.99253363889428,klein,9.150982889986942,1.0734232342378178,2024,11.058489801750436,0
B-912803,e902d4d9-e7c4-496c-9384-784ac53b00eb,2023-01-14T00:28:58.088Z,2023-01-14T00:43:12.630Z,9.012486833677375,mittel,6.7304964995426575,1.0575133697949148,2023,14.242376285139809,0
B-660469,1bae2652-e1f5-4dc2-a510-836da2c3ba7b,2023-01-14T00:48:12.630Z,2023-01-14T01:03:24.642Z,6.886836202680498,klein,5.8060445072851605,1.1397357990251873,2022,15.200195693640957,1
B-676626,0affee22-b431-458c-bedc-0f7df06adf0b,2023-01-14T01:08:24.642Z,2023-01-14T01:23:28.042Z,9.143769678068175,mittel,7.778200537722125,1.0559274972127664,2022,15.056663126972492,0
B-823686,c30e4af7-cb7f-44d8-8a63-7df97c0518f7,2023-01-14T01:28:28.042Z,2023-01-14T01:41:58.886Z,13.00151958126862,mittel,10.598507930646104,0.9736734156451978,2024,13.514064130107954,0
B-946750,690550ba-0f09-47ed-a42c-db50104964c9,2023-01-14T01:46:58.886Z,2023-01-14T01:58:28.571Z,11.700443484226986,mittel,9.671663460824472,0.9738212005796708,2023,11.494750262394726,0
B-343402,5ec579b7-25cd-40af-8296-e7f0cf99edfe,2023-01-14T02:03:28.571Z,2023-01-14T02:08:59.589Z,9.302695731184281,klein,9.142113959523806,1.1117906606681076,2022,5.516972349341759,0
B-504859,66017912-a87e-4e74-9827-e3863edf2d41,2023-01-14T02:13:59.589Z,2023-01-14T02:26:35.248Z,9.301484591363142,klein,8.5127308253254,1.1938086965846537,2023,12.594320047616444,0
B-194924,f8ad80c1-ad53-4039-a458-6f03d4677186,2023-01-14T02:31:35.248Z,2023-01-14T02:43:35.029Z,9.356729897565234,klein,7.676019509317212,1.1145284421335762,2022,11.9963424823118,0
B-159153,56de3ce0-b9eb-479c-9cf3-3c59c94c573e,2023-01-14T02:48:35.029Z,2023-01-14T03:00:51.827Z,14.153495967121682,mittel,12.26410735446483,1.032229771620759,2023,12.279964192642707,1
B-259500,deb83e37-2f5b-4d2c-803a-367526df2534,2023-01-14T03:05:51.827Z,2023-01-14T03:17:58.294Z,10.763870904463106,mittel,7.578572820042946,0.9808773801165355,2023,12.107794694066413,0
B-691833,b992fea4-33b5-488c-ac51-d28aebb4fb44,2023-01-14T03:22:58.294Z,2023-01-14T03:32:19.143Z,10.86008329438214,groß,9.08599368545252,0.8,2023,9.347475676101686,0
B-338084,4c17c290-2681-481c-9694-62328954e774,2023-01-14T03:37:19.143Z,2023-01-14T03:50:26.032Z,12.060566908063684,mittel,11.457759876184058,0.9714842966106767,2024,13.11481711370237,1
B-665244,61dadfe7-437a-4550-af38-3a1f24860b55,2023-01-14T03:55:26.032Z,2023-01-14T04:08:41.898Z,10.477578318053027,mittel,8.164016759050048,0.9410445892818576,2024,13.2644326280637,0
B-227232,384c4628-057a-4e61-b1db-218fef2d88b1,2023-01-14T04:13:41.898Z,2023-01-14T04:27:03.778Z,9.481915708358594,groß,6.737898638067791,0.8516951361841169,2023,13.364677564119319,0
B-295288,7fefa7a3-c949-4cd3-8462-4a86976c314c,2023-01-14T04:32:03.778Z,2023-01-14T04:45:57.368Z,9.607300301830044,mittel,7.033751352870975,0.9404796132162755,2022,13.893154007146773,0
B-364049,abd9681d-de88-47dc-9ad6-4a18de8e22df,2023-01-14T04:50:57.368Z,2023-01-14T05:04:09.854Z,9.856797481171872,groß,6.79580494759511,0.8962987550357309,2022,13.208103289843246,1
B-904747,5e41005f-6afa-4eb0-8d73-95d99b601ddc,2023-01-14T05:09:09.854Z,2023-01-14T05:20:20.650Z,9.925555526980316,mittel,7.15568251345655,0.9954462069823486,2022,11.179941176922178,1
B-111579,151b389a-0be8-4087-8a98-0c59ce2861e2,2023-01-14T05:25:20.650Z,2023-01-14T05:37:12.150Z,11.45525908727396,klein,8.79369917122914,1.141120200262063,2022,11.85832630416782,1
B-950418,7c93fe2e-462f-4692-ae33-a86248cb8cda,2023-01-14T05:42:12.150Z,2023-01-14T05:54:23.085Z,10.103891771614599,klein,6.677546398113037,1.182794606889379,2024,12.182249734506755,0
B-340492,c3b768ad-af18-43b7-9f08-5f3b9496dcc6,2023-01-14T05:59:23.085Z,2023-01-14T06:11:36.009Z,11.46528015443116,mittel,9.187842457494531,1.0481953467037932,2023,12.215398898213238,0
B-235997,5e02b5b7-813b-41b7-a59c-c2e9e5c9010b,2023-01-14T06:16:36.009Z,2023-01-14T06:30:35.795Z,9.838566839782835,klein,8.773130645612916,1.1489950624115173,2022,13.99643531194346,1
B-475017,77fd3865-1c65-44d9-9d3b-a76a5207f120,2023-01-14T06:35:35.795Z,2023-01-14T06:48:53.035Z,10.15727038063218,mittel,7.218060124358825,0.9614399850225355,2024,13.287337506044981,0
B-519749,ab9dcd35-6d16-43b4-9e91-35b96083c155,2023-01-14T06:53:53.035Z,2023-01-14T07:10:02.316Z,6.003598630935785,mittel,6.322162828390397,0.9113015191943935,2023,16.154686879139906,0
B-313210,bd2aeac5-f54c-4ee5-9c66-9ad4e82cdc59,2023-01-14T07:15:02.316Z,2023-01-14T07:31:27.093Z,11.832655349404963,mittel,9.976916368051565,0.965697512148241,2024,16.412937959769344,1
B-111600,bd30c88f-eb8c-4744-a406-c707d2303254,2023-01-14T07:36:27.093Z,2023-01-14T07:48:36.651Z,10.692976951795986,mittel,9.584962147060846,0.9691393876676019,2024,12.15929916522785,0
B-838814,ab77cc6a-fbf7-44d0-b674-29bbcf8a0abe,2023-01-14T07:53:36.651Z,2023-01-14T07:58:36.651Z,11.996020219719304,klein,8.938981621923306,1.1553528726496147,2023,5,0
B-222578,545d7063-7727-4a3f-9389-57a48c82207e,2023-01-14T08:03:36.651Z,2023-01-14T08:18:05.071Z,4.207489243612621,mittel,5,0.9827426559430986,2023,14.473664932254533,1
B-498725,5e90b375-1422-4971-aff9-0603f1fccfaf,2023-01-14T08:23:05.071Z,2023-01-14T08:34:00.225Z,14.176749409561456,mittel,10.249465627253853,1.0343966486025713,2024,10.91924732202589,0
B-289844,a4fd08a5-7f06-4cb8-aba9-fea11ef59080,2023-01-14T08:39:00.225Z,2023-01-14T08:49:24.047Z,9.720820743689652,groß,8.66690409578823,0.8193508364364654,2023,10.397032156337985,0
B-389315,f04cd2f0-b6ec-4091-af44-9943ac8ebddc,2023-01-14T08:54:24.047Z,2023-01-14T09:05:36.234Z,12.216365633475032,mittel,9.944931846573557,0.9971479416573529,2023,11.203109450021266,1
B-365315,3976ba2b-f136-4e77-ae56-3c2cc7a67a11,2023-01-14T09:10:36.234Z,2023-01-14T09:21:42.637Z,7.920188145748938,groß,6.889401736583935,0.9091993721598445,2023,11.106713906370787,1
B-842118,08eb9e75-4d13-40f8-b4c7-18f88b63f0b1,2023-01-14T09:26:42.637Z,2023-01-14T09:39:56.109Z,11.22554781012514,mittel,7.8048436424752605,1.0170912606977482,2024,13.224539620210786,0
B-184806,7ae6daed-80a3-4772-bba4-38165dc6228a,2023-01-14T09:44:56.109Z,2023-01-14T09:53:48.977Z,7.893168873652687,mittel,5.4194652566455455,0.9969981229155718,2022,8.88112844174755,0
B-883497,a4fd08a5-7f06-4cb8-aba9-fea11ef59080,2023-01-14T09:58:48.977Z,2023-01-14T10:08:39.650Z,8.75246207860839,klein,7.599197881140097,1.119902777903241,2024,9.844558508416796,1
B-736305,c66b3dca-3637-4509-9c77-d02d6508dfe2,2023-01-14T10:13:39.650Z,2023-01-14T10:26:20.829Z,13.828062707733572,mittel,10.114102161962657,0.9683384301642511,2023,12.686317108394833,0
B-206305,bb5751c5-403b-4a11-be8b-4a846ab30691,2023-01-14T10:31:20.829Z,2023-01-14T10:44:35.583Z,9.618635198473307,mittel,8.158114450877768,0.9574693373524026,2022,13.245888060826616,0
B-276127,5274a7ef-e623-49c9-8a5a-5b04bb82b026,2023-01-14T10:49:35.583Z,2023-01-14T11:02:52.568Z,10.434865746359446,mittel,6.98075479062731,0.972949656710855,2024,13.283083289872025,0
B-244271,a91a87f3-789e-4b3f-8c2c-36826370a5b1,2023-01-14T11:07:52.568Z,2023-01-14T11:18:18.123Z,11.740135461377509,mittel,10.240282581768676,1.0377832919372156,2024,10.425927442133402,1
B-631521,f7c81eb3-0c1a-4a63-850d-3fd6b1e3f2da,2023-01-14T11:23:18.123Z,2023-01-14T11:33:20.731Z,10.99136377594521,mittel,7.56056770598766,0.9889055864353866,2024,10.04346870146752,1
B-625721,08eb9e75-4d13-40f8-b4c7-18f88b63f0b1,2023-01-14T11:38:20.731Z,2023-01-14T11:49:19.935Z,10.300837810287153,mittel,8.792970185909246,0.9325113465309385,2024,10.98673033242416,0
B-657423,48a97a5e-649f-4756-b4e5-01af13d6601d,2023-01-14T11:54:19.935Z,2023-01-14T12:06:48.720Z,10.729922004932451,mittel,9.209568537591961,1.0884084646529892,2024,12.47974550456945,1
B-380388,5b8f2219-0761-4760-a450-2b2f260d20d5,2023-01-14T12:11:48.720Z,2023-01-14T12:26:46.977Z,14.80683117047655,klein,11.148693117951666,1.165998259557258,2023,14.9709547385451,1
B-748606,4d54ec92-23ac-4b25-ad7e-0bad64473466,2023-01-14T12:31:46.977Z,2023-01-14T12:39:41.285Z,9.884762405932829,groß,8.48983649183099,0.8,2022,7.905125628458499,0
B-804167,60110ed4-fd25-40b7-b746-13a94f79c5eb,2023-01-14T12:44:41.285Z,2023-01-14T12:56:14.797Z,10.402198093429934,klein,8.582200738077503,1.1279075536379588,2023,11.558542486083267,0
B-778154,2fc993f6-b2e4-40a7-a071-29798329ec94,2023-01-14T13:01:14.797Z,2023-01-14T13:10:34.876Z,12.101308792015224,klein,9.142205177419443,1.1555443191414208,2024,9.334643117949593,0
B-818365,1cdefdfd-6c94-4aa1-9660-96efbc3e9e71,2023-01-14T13:15:34.876Z,2023-01-14T13:24:16.607Z,12.211051865915968,mittel,8.760286808656568,1.0852296046648688,2024,8.69551464529302,1
B-118283,5b5ea535-db93-4fcb-9fd8-4e45f8890cbc,2023-01-14T13:29:16.607Z,2023-01-14T13:43:12.642Z,12.374060611120761,mittel,7.9366227972240315,0.9445943770870565,2024,13.933913290689633,0
B-220743,01460d2e-a671-4160-a627-0aee34ec3644,2023-01-14T13:48:12.642Z,2023-01-14T14:01:17.997Z,11.27746044405837,mittel,9.37161840254639,1.0488020359677974,2024,13.089249148998677,0
B-472261,028e5e4f-1ba3-4a35-b485-50e83b5b5617,2023-01-14T14:06:17.997Z,2023-01-14T14:19:11.929Z,7.713990174539033,klein,5,1.2,2023,12.898867031894525,0
B-597826,59560af4-a33e-4678-8a9b-61af2ae518c2,2023-01-14T14:24:11.929Z,2023-01-14T14:38:02.452Z,13.266863064602191,mittel,10.708834651123063,0.9685672847462715,2023,13.842051679461987,0
B-878657,a63fff40-095c-4ca1-beed-c0c9abfc8130,2023-01-14T14:43:02.452Z,2023-01-14T14:54:04.885Z,7.707309213962624,mittel,5.90239915508785,0.9861243190569883,2022,11.040562206467728,1
B-217642,d297f1b8-c9b3-46a2-9267-4a7b40916ac0,2023-01-14T14:59:04.885Z,2023-01-14T15:10:12.969Z,10.605270930478067,groß,9.16335951982065,0.8,2024,11.134724967332943,0
B-223136,f3534af1-57e2-4c40-9ece-3973957185cf,2023-01-14T15:15:12.969Z,2023-01-14T15:31:35.257Z,8.491448299961284,groß,6.491113140479164,0.8398269429459847,2022,16.37146123344515,1
B-232802,7db89654-32b4-401e-be29-4c6c2190ea64,2023-01-14T15:36:35.257Z,2023-01-14T15:48:05.668Z,9.871723306814015,mittel,7.567930859104121,0.9981705012828535,2023,11.506857891480852,0
B-354554,367fbc7a-8410-4ee3-b80a-9c179d627ba5,2023-01-14T15:53:05.668Z,2023-01-14T16:06:33.884Z,10.65752482060696,mittel,9.257890560773864,1.0329824999041186,2023,13.470264226108183,0
B-592659,08eb9e75-4d13-40f8-b4c7-18f88b63f0b1,2023-01-14T16:11:33.884Z,2023-01-14T16:23:34.650Z,10.642714430900547,mittel,8.849229573804557,1.0545091735510224,2024,12.01276308192663,1
B-288792,76e33ff6-bf77-4345-8356-25e9603b5a5d,2023-01-14T16:28:34.650Z,2023-01-14T16:36:52.859Z,10.84384150847057,klein,8.991229163959234,1.1125951967689176,2023,8.30348293984317,0
B-524242,a5c3b487-5961-4c27-9ce4-b772604f0537,2023-01-14T16:41:52.859Z,2023-01-14T16:49:47.503Z,13.227422538117294,mittel,11.051205620302362,0.9016337467887002,2023,7.910741992397464,0
B-160469,7481bd5e-5bfd-49b6-a4f9-525ad07dd230,2023-01-14T16:54:47.503Z,2023-01-14T17:05:38.025Z,10.907068603027959,mittel,7.190082759215261,0.9989377610361879,2024,10.84203156012019,1
B-618211,c36edc36-c1d5-433f-b547-7a0e134c9ac6,2023-01-14T17:10:38.025Z,2023-01-14T17:24:44.757Z,9.511686729418702,groß,8.366138063521944,0.8646768764984321,2022,14.112202503339978,0
B-901678,505ca0f3-50f7-4761-af5b-8def7787c6bf,2023-01-14T17:29:44.757Z,2023-01-14T17:43:19.352Z,11.928174336576715,klein,10.155008263274976,1.162470884384252,2022,13.576583313272007,0
B-656581,5b5ea535-db93-4fcb-9fd8-4e45f8890cbc,2023-01-14T17:48:19.352Z,2023-01-14T18:02:09.041Z,12.37894097784928,mittel,8.886469653702928,0.9836663376245478,2023,13.828154328448067,0
B-180648,40fadd1b-cf79-4e3e-9466-1d9e1afccb94,2023-01-14T18:07:09.041Z,2023-01-14T18:17:10.596Z,7.544784369726015,mittel,5.791747022106611,1.0062376049831967,2022,10.02590764212737,0
B-340643,a05c4722-5e21-4f63-b5dc-66d87236cff1,2023-01-14T18:22:10.596Z,2023-01-14T18:37:24.501Z,11.194800139699716,mittel,8.916532824132142,1.0757722404176124,2024,15.231744980244628,1
B-620853,7fc2d9cf-ca06-4f71-ba92-25326f6d851c,2023-01-14T18:42:24.501Z,2023-01-14T18:52:28.713Z,11.402345484621797,klein,8.987379603295706,1.1690867084481253,2024,10.070213399627232,1
B-920410,d8da16e5-1179-493a-8188-77cac80875c6,2023-01-14T18:57:28.713Z,2023-01-14T19:09:54.252Z,9.404872993280016,groß,7.8577583611925474,0.8313315787498458,2022,12.425648797339937,0
B-165908,8e55ea38-3270-4714-8fe7-29a139ff29e6,2023-01-14T19:14:54.252Z,2023-01-14T19:26:53.010Z,12.75141362662324,mittel,11.632497683129776,0.9749901091452002,2023,11.979295420184526,1
B-924310,384c4628-057a-4e61-b1db-218fef2d88b1,2023-01-14T19:31:53.010Z,2023-01-14T19:43:32.145Z,9.699888825934947,mittel,8.841677788420785,0.9915073821161134,2022,11.652252359370827,1
B-648541,3180f770-b008-4775-951e-89ed9a94c012,2023-01-14T19:48:32.145Z,2023-01-14T20:03:12.776Z,10.251152906943085,klein,6.888703132123062,1.2,2023,14.677184276591213,0
B-805185,20101028-1503-4be1-a7ec-167d0626e973,2023-01-14T20:08:12.776Z,2023-01-14T20:18:48.163Z,9.65385635143226,mittel,8.345155071451858,0.9908349645236901,2023,10.58977895966808,0
B-704469,7843f5a5-0af6-4cfc-9e95-4327d15cab07,2023-01-14T20:23:48.163Z,2023-01-14T20:33:06.210Z,10.031158095162935,mittel,9.353859795665757,0.9990102827739646,2024,9.300789488576143,0
B-950657,028e5e4f-1ba3-4a35-b485-50e83b5b5617,2023-01-14T20:38:06.210Z,2023-01-14T20:50:08.610Z,7.807449826209597,klein,6.63276838165688,1.1258843214531848,2022,12.039990972412838,1
B-715934,fb6512fa-4b6a-46b1-9711-02ba3751777e,2023-01-14T20:55:08.610Z,2023-01-14T21:06:20.631Z,7.119898234811411,klein,6.786899013035097,1.2,2022,11.200346531426947,1
B-938954,deb83e37-2f5b-4d2c-803a-367526df2534,2023-01-14T21:11:20.631Z,2023-01-14T21:30:05.917Z,13.189010126449944,groß,12.563478546860722,0.9479918627372337,2023,18.75476583816529,0
B-426977,58b01c0b-694e-4d23-9dd2-4e1f87cc8a0a,2023-01-14T21:35:05.917Z,2023-01-14T21:48:27.098Z,8.306077303363345,klein,7.668571388797658,1.1725306524715693,2022,13.353014952879949,1
B-628421,cbe47164-fc30-4f72-9816-7003aa630b75,2023-01-14T21:53:27.098Z,2023-01-14T22:04:37.977Z,8.017215301087386,klein,6.6630808365116385,1.1541386451892712,2023,11.181318849562752,0
B-235037,17d19110-e776-475e-999e-a19bdbb2c171,2023-01-14T22:09:37.977Z,2023-01-14T22:19:31.243Z,5.69321977279257,mittel,5.59966429231881,1.0018391416587118,2023,9.887776861625827,0
B-646409,99d1d5bc-5180-44a7-a085-79747250c65e,2023-01-14T22:24:31.243Z,2023-01-14T22:32:45.609Z,8.722076504620995,mittel,7.1225490367936874,0.8807846605607127,2022,8.239423178862431,1
B-914958,b6e47bb6-c9c0-404c-9e9b-01a9d7b79de4,2023-01-14T22:37:45.609Z,2023-01-14T22:47:42.582Z,7.353820413185003,klein,5.906959373832959,1.1872575432142407,2024,9.949561828525134,0
B-256681,1afeb800-0bf6-4688-badb-d447e289d90a,2023-01-14T22:52:42.582Z,2023-01-14T23:04:56.375Z,13.284030320272738,mittel,10.275810020504458,1.0067083207997922,2022,12.229883543518264,0
B-438877,16388aac-712b-4253-a8f2-974eb3d13006,2023-01-14T23:09:56.375Z,2023-01-14T23:24:47.655Z,12.01963417868527,klein,11.179120701780324,1.1714171025330362,2024,14.854657303189539,0
B-320865,5f0e6b0b-b880-487d-9690-ba049ce0d2fe,2023-01-14T23:29:47.655Z,2023-01-14T23:44:02.257Z,8.623699309644552,klein,6.080530781773641,1.1144268902958148,2022,14.243378284775838,0
B-184460,4e00e850-c99f-47fa-a1d9-26addb1cfa7d,2023-01-14T23:49:02.257Z,2023-01-15T00:01:29.749Z,14.504871610688618,klein,13.13626501322901,1.1307771560511453,2022,12.458189663292758,0
B-547319,223d56c7-e21c-46c3-8b7c-247d9e2ea7a2,2023-01-15T00:06:29.749Z,2023-01-15T00:17:50.969Z,11.963530973983188,groß,10.070688902926921,0.8294487531748413,2022,11.35366466859503,0
B-689644,e91a9d9c-9a01-425b-bb79-debfe6028be9,2023-01-15T00:22:50.969Z,2023-01-15T00:35:23.226Z,9.350337232982755,klein,6.080963611584263,1.2,2022,12.537624712824309,1
B-858654,f951daae-0651-4b48-b0fc-bd915a33c811,2023-01-15T00:40:23.226Z,2023-01-15T00:51:20.990Z,5.001188570252854,klein,5,1.1310620081698453,2022,10.962724005030848,1
B-416702,e77d8863-3c85-4de1-8276-c3d005931100,2023-01-15T00:56:20.990Z,2023-01-15T01:11:47.193Z,14.581885145181484,mittel,9.565481608493565,1.1041330161054899,2024,15.436727991527752,0
B-435000,4642f6aa-5778-483a-8f11-14ee08c3543a,2023-01-15T01:16:47.193Z,2023-01-15T01:28:24.491Z,7.220855066472808,groß,6.402192070009283,0.8715431209507518,2024,11.62161963744984,0
B-805517,ae576132-5006-4eb1-b174-fdf0ee1ed151,2023-01-15T01:33:24.491Z,2023-01-15T01:45:14.130Z,6.709202506086216,klein,6.252593487857964,1.0862158670002133,2022,11.827324283506547,1
B-143607,3cce6197-fd55-41c3-8e34-89fb11af841f,2023-01-15T01:50:14.130Z,2023-01-15T01:57:48.231Z,12.045140864019281,mittel,9.043756735563372,0.9935726853374022,2024,7.568355149958664,0
B-715502,5ef7ac4a-0533-478a-9b2c-5a93c79da1d9,2023-01-15T02:02:48.231Z,2023-01-15T02:14:24.779Z,14.879504812678546,klein,12.027151546098418,1.117416243892179,2023,11.609130306954473,0
B-474624,4c80abf7-4506-4cf1-aa01-91726818ac2e,2023-01-15T02:19:24.779Z,2023-01-15T02:33:05.157Z,12.768545637021036,mittel,12.168993943367116,0.8902808765089988,2024,13.672968275929883,0
B-646322,606eb0fb-17a8-41a1-86c5-080fb8e539fd,2023-01-15T02:38:05.157Z,2023-01-15T02:47:57.031Z,11.12781824010472,mittel,8.39650788782184,1.0799735470056895,2023,9.86455484592291,0
B-116209,ab0aecc3-6dc3-4f95-8456-a4bd58ce2846,2023-01-15T02:52:57.031Z,2023-01-15T03:03:26.944Z,11.189508683330573,mittel,7.8926993596078585,1.0351571271110003,2024,10.498559331014373,0
B-984379,553ab122-1542-46f6-8683-90f24348adc5,2023-01-15T03:08:26.944Z,2023-01-15T03:22:02.069Z,11.706831117560615,mittel,10.847128296511091,1.0266603658949656,2023,13.58542203546733,0
B-853733,8b69faf0-9834-4036-a7de-a357681e6712,2023-01-15T03:27:02.069Z,2023-01-15T03:36:04.871Z,11.51785717957353,mittel,11.176872934189621,1.0082701830149852,2024,9.046685552963893,0
B-930739,7f3299a0-a899-40fd-b014-de8f1978b8a8,2023-01-15T03:41:04.871Z,2023-01-15T03:55:11.807Z,10.562382847938752,klein,8.453601950198848,1.080899121565378,2023,14.115602015083837,1
B-632433,3c72cbb1-7709-4a61-801d-822750b23aa7,2023-01-15T04:00:11.807Z,2023-01-15T04:11:07.949Z,10.208402207903752,mittel,9.178184801731359,0.9758191430222282,2023,10.935712219653796,1
B-975972,469d2c16-d14d-4e59-8b7f-f7ad0de00ed0,2023-01-15T04:16:07.949Z,2023-01-15T04:27:21.321Z,9.874813744200955,klein,9.241326910891646,1.1920890387392005,2022,11.222863559017593,0
B-389488,606eb0fb-17a8-41a1-86c5-080fb8e539fd,2023-01-15T04:32:21.321Z,2023-01-15T04:42:06.456Z,8.492070822266648,mittel,6.051172425274935,0.9474389985108749,2022,9.752243189748812,1
B-907695,d0f9e939-f2b2-4200-833e-4acb5e607f29,2023-01-15T04:47:06.456Z,2023-01-15T04:59:51.821Z,9.438649846266452,groß,7.0656140416452935,0.8,2022,12.756092520855766,0
B-184787,c3cb7642-db92-41e6-8faf-76e2b2572b4d,2023-01-15T05:04:51.821Z,2023-01-15T05:21:47.006Z,6.614086371609229,groß,6.522143610442118,0.8386446996109537,2022,16.91974397005876,0
B-162423,3131d948-9e1b-4bf3-9b7f-c7cbaf790af2,2023-01-15T05:26:47.006Z,2023-01-15T05:40:20.786Z,9.8033207464105,groß,9.527670875836911,0.842912122298623,2023,13.562994478921263,1
B-525168,abd9681d-de88-47dc-9ad6-4a18de8e22df,2023-01-15T05:45:20.786Z,2023-01-15T05:55:37.071Z,8.022817785698166,mittel,6.981135088732888,1.0067781708207355,2023,10.271429476118929,0
B-972660,d741aeab-deef-4100-9be4-e73273337d42,2023-01-15T06:00:37.071Z,2023-01-15T06:14:53.346Z,7.792821365568458,mittel,5.354442738952713,1.0364259321757268,2022,14.271241170982952,0
B-342144,1077bfa5-50ae-4dfa-b605-b0d60a6c0d5f,2023-01-15T06:19:53.346Z,2023-01-15T06:31:15.344Z,10.359788302306956,klein,10.274891753545006,1.1818802906115604,2023,11.366640908131501,0
B-966049,305de8da-3a3e-4b95-aa29-95008032aa97,2023-01-15T06:36:15.344Z,2023-01-15T06:51:00.283Z,12.784004572689199,mittel,9.696232760339395,1.012938490262196,2023,14.748969962855119,1
B-266705,7e0135c5-ac8b-41d4-9b21-8058c121f118,2023-01-15T06:56:00.283Z,2023-01-15T07:09:37.084Z,11.836633212004626,mittel,9.134168788432248,1.0597765694043355,2023,13.613352804328725,0
B-374893,c78ea195-5f89-4b24-a2cb-7a6fc0b3605d,2023-01-15T07:14:37.084Z,2023-01-15T07:20:43.907Z,6.8589987927536455,mittel,5.8295368686925375,0.9240515109593342,2022,6.1137168690565336,1
B-583168,067dc0fa-c66a-4611-a5a0-b12b0ebd9bed,2023-01-15T07:25:43.907Z,2023-01-15T07:35:43.417Z,8.020743726859324,mittel,7.970755402202235,1.0252290907238695,2022,9.991840734089944,1
B-106319,4d4261a7-6023-422d-82cb-b4e7aac6d1f6,2023-01-15T07:40:43.417Z,2023-01-15T07:54:36.743Z,11.881542375976432,klein,10.35920987733337,1.181326918166847,2024,13.88877044567078,1
B-526558,7e1d1dce-6a96-4f93-973d-1d82ab800825,2023-01-15T07:59:36.743Z,2023-01-15T08:11:54.942Z,8.035025212923381,mittel,6.842885670700616,0.938021885695988,2022,12.303314544290036,0
B-959926,6041604b-9e83-4706-9ad5-c4b32f4d3c46,2023-01-15T08:16:54.942Z,2023-01-15T08:26:52.092Z,9.550733700005951,groß,8.103875490122867,0.8,2022,9.9524881045843,0
B-803469,99f190d6-e37f-41d8-8a10-26a20badfdaa,2023-01-15T08:31:52.092Z,2023-01-15T08:42:36.061Z,11.100104198049104,klein,8.92359802708275,1.1127028936762198,2024,10.732820969012375,0
B-833467,151e1cb1-fb24-4ba6-b6de-1d409930fef6,2023-01-15T08:47:36.061Z,2023-01-15T08:55:47.312Z,8.06331109027273,mittel,7.008788386736692,0.9669229278742354,2022,8.187526759821239,0
B-174408,6c4f7817-26d7-4b65-87a0-90039994dd23,2023-01-15T09:00:47.312Z,2023-01-15T09:12:36.708Z,10.21075101229192,groß,5.639040732139234,0.8876709731751216,2023,11.823253424947207,1
B-383948,905d9d3b-aabb-4ac9-ba6b-46af3eccbcfb,2023-01-15T09:17:36.708Z,2023-01-15T09:34:01.990Z,7.331949010163591,mittel,5.568951749061075,0.9692730608154453,2022,16.42137945203153,0
B-196199,198a8228-35af-4814-8fdf-6ac8e79bfb75,2023-01-15T09:57:38.582Z,2023-01-15T10:14:01.432Z,10.639563868285073,klein,7.360637011008552,1.119418313165272,2024,16.380834002376847,0
B-964849,41a937f4-b37a-40dc-aa92-765cbfae21d0,2023-01-15T10:19:01.432Z,2023-01-15T10:32:47.320Z,6.814012532936662,mittel,5.83753334416089,1.0559316167077106,2022,13.76479417957996,1
B-652408,4e00e850-c99f-47fa-a1d9-26addb1cfa7d,2023-01-15T10:37:47.320Z,2023-01-15T10:51:50.618Z,10.880949475920797,groß,8.500288359750517,0.8506521687188476,2024,14.054958686705383,0
B-282004,9a5a73d2-465a-43be-bb85-50d96c1464ad,2023-01-15T10:56:50.618Z,2023-01-15T11:12:47.507Z,9.960724402146637,mittel,9.724055220032799,0.9910374487321544,2022,15.948157375490048,0
B-349035,04a76de8-496e-4673-8f49-15b5cdae0ff2,2023-01-15T11:17:47.507Z,2023-01-15T11:30:32.779Z,11.104979908834295,mittel,10.457003652282292,0.9944997250649474,2024,12.754526518684452,1
B-409527,1077bfa5-50ae-4dfa-b605-b0d60a6c0d5f,2023-01-15T11:35:32.779Z,2023-01-15T11:47:10.311Z,10.447828268129323,klein,7.892457045385295,1.2,2024,11.62554535698624,0
B-935010,2c5d7775-0aa3-41a5-92c7-8300f34f1d0e,2023-01-15T11:52:10.311Z,2023-01-15T12:06:14.230Z,12.728280859947688,klein,10.031786976391457,1.1125414136698377,2024,14.065315033244024,0
B-357924,618b4a6a-a5e6-4527-808b-e121d7b831c9,2023-01-15T12:11:14.230Z,2023-01-15T12:26:08.691Z,10.250449005295815,groß,8.12641163862826,0.9157754145470052,2024,14.907680474243769,0
B-581358,54b2a7e4-81ff-4097-84a6-20b51da2a0ef,2023-01-15T12:31:08.691Z,2023-01-15T12:42:11.095Z,9.141188917749494,mittel,6.861291658039972,1.0105248149460753,2023,11.040070714575583,0
B-542447,fb6512fa-4b6a-46b1-9711-02ba3751777e,2023-01-15T12:47:11.095Z,2023-01-15T12:57:44.507Z,10.244595006064568,mittel,8.39070098887978,0.9919790309012326,2024,10.55686183531994,1
B-443547,57d3fdfa-f6ca-4c3e-ab2c-48b801d7387b,2023-01-15T13:02:44.507Z,2023-01-15T13:15:01.170Z,11.086596058072775,klein,8.11099477757063,1.2,2024,12.27771206486176,1
B-452559,dff4930b-eec6-41bf-93c4-591f456194d6,2023-01-15T13:20:01.170Z,2023-01-15T13:33:40.950Z,10.09772014065141,mittel,6.947560777583601,0.9472180255100702,2024,13.662997733863325,0
B-189935,7fc2d9cf-ca06-4f71-ba92-25326f6d851c,2023-01-15T13:38:40.950Z,2023-01-15T13:52:16.721Z,10.081183382407765,groß,8.68765792982648,0.8323157120216497,2024,13.596182097323123,0
B-798849,0affee22-b431-458c-bedc-0f7df06adf0b,2023-01-15T13:57:16.721Z,2023-01-15T14:06:25.820Z,8.59601662438649,mittel,7.506342883731003,0.9383784380418,2022,9.151664799624802,0
B-876905,14a0d85b-49a9-4e11-b32c-436f625f9c69,2023-01-15T14:11:25.820Z,2023-01-15T14:27:15.213Z,8.674198164898105,klein,6.135042772258491,1.1976230985268084,2022,15.823212134126644,1
B-128553,9f615f95-920e-4c49-900a-a6e84fd1656d,2023-01-15T14:32:15.213Z,2023-01-15T14:42:58.273Z,7.194789456400613,mittel,6.651186995883091,1.0844594466825839,2023,10.717670141206298,1
B-844037,cf1d2268-b220-4d62-9225-ea1dd207600c,2023-01-15T14:47:58.273Z,2023-01-15T14:59:26.466Z,13.499153486373878,mittel,10.167745059933772,1.083496139070232,2024,11.469870006222841,1
B-189181,5de6db16-6e96-4223-a613-01ece650f27c,2023-01-15T15:04:26.466Z,2023-01-15T15:14:38.147Z,7.512273529217429,mittel,6.262984061411926,1.0611974376573001,2022,10.19469128002436,0
B-203161,6e2c8b34-95ae-448f-a55d-76b6e21630b1,2023-01-15T15:19:38.147Z,2023-01-15T15:37:01.947Z,8.614189604408185,groß,7.711695696139005,0.8401189766102017,2023,17.396657671874173,0
B-918940,5de6db16-6e96-4223-a613-01ece650f27c,2023-01-15T15:42:01.947Z,2023-01-15T15:54:30.995Z,8.563185468861604,mittel,6.816935810385571,0.9817379511255077,2024,12.484141340575935,0
B-644368,c7eb3963-ec22-4ddc-b4c6-bc5163ee1f1f,2023-01-15T15:59:30.995Z,2023-01-15T16:09:48.878Z,11.789848753888883,groß,9.886619915252242,0.8,2024,10.29804983863687,0
B-158196,0fbbd5cd-f156-42eb-a19f-3b3517774fd5,2023-01-15T16:14:48.878Z,2023-01-15T16:28:32.549Z,9.410100643415944,mittel,7.011650870845184,1.1017936767590897,2022,13.727847099924892,1
B-527835,a5c3b487-5961-4c27-9ce4-b772604f0537,2023-01-15T16:33:32.549Z,2023-01-15T16:47:04.845Z,12.495484145347469,klein,9.799920732849877,1.1734489039074234,2024,13.538271558620066,0
B-104040,90d752b3-0ee0-40f8-ae58-acdb7d787682,2023-01-15T16:52:04.845Z,2023-01-15T17:03:42.318Z,8.653018751512263,mittel,6.71655557032947,0.9754021547565258,2022,11.624545952840233,1
B-505836,4d2ed807-db6e-4e52-9395-d4f0da96c0c0,2023-01-15T17:08:42.318Z,2023-01-15T17:22:23.191Z,10.557988324447605,klein,7.699812313017845,1.2,2024,13.681213425566767,0
B-813291,c30e4af7-cb7f-44d8-8a63-7df97c0518f7,2023-01-15T17:27:23.191Z,2023-01-15T17:37:44.156Z,8.329305893480486,groß,6.486670551668607,0.8013617741619999,2022,10.34941607833827,1
B-595568,f628c928-1987-43e0-bd64-bcf4905308bf,2023-01-15T17:42:44.156Z,2023-01-15T17:53:45.005Z,14.290298255546777,mittel,9.883620305573675,1.0203311017111336,2023,11.014163450101496,0
B-894914,44cc12fc-f67b-40bc-a884-1d9f8664438d,2023-01-15T17:58:45.005Z,2023-01-15T18:06:43.779Z,7.624803161940974,mittel,5.608688782410676,0.9913685432854583,2022,7.979566690867874,0
B-817397,f5580809-d4a4-437a-a2a4-cfb7642b2132,2023-01-15T18:11:43.779Z,2023-01-15T18:21:04.905Z,10.619641420454055,mittel,8.210837642993575,1.031933856994015,2024,9.352097831560874,0
B-161261,1db4cd7e-dc4a-4171-a3de-8651c72a865b,2023-01-15T18:26:04.905Z,2023-01-15T18:41:41.821Z,11.267553761864196,klein,8.757863256995979,1.1468213230406938,2024,15.61526161134137,1
B-758838,e902d4d9-e7c4-496c-9384-784ac53b00eb,2023-01-15T18:46:41.821Z,2023-01-15T19:01:58.792Z,10.827598194902997,mittel,8.420581110051618,0.9274536054444388,2023,15.282857255444629,0
B-810308,c0922002-801f-486e-bebf-cf8333ee5cca,2023-01-15T19:06:58.792Z,2023-01-15T19:19:06.687Z,9.629424682244583,mittel,7.641775545935538,1.003778818633502,2022,12.131577297297925,1
B-503127,cb98ae0b-8e53-431e-8643-e4e65f87b5c6,2023-01-15T19:24:06.687Z,2023-01-15T19:39:26.239Z,9.740358600533147,klein,8.271728398512582,1.2,2023,15.325862894379675,0
B-304243,99d1d5bc-5180-44a7-a085-79747250c65e,2023-01-15T19:44:26.239Z,2023-01-15T19:56:07.030Z,10.08762294395822,mittel,8.9446154292991,0.9985391797073008,2024,11.67985102678339,0
B-156643,0129d34c-a5cf-4638-82a0-494f54598aba,2023-01-15T20:01:07.030Z,2023-01-15T20:12:37.821Z,9.705995996743022,klein,7.115031570546151,1.1887557560794542,2022,11.513179394864185,1
B-721324,b14ae7be-c4f0-4e63-ab56-9ecfa862b5b1,2023-01-15T20:17:37.821Z,2023-01-15T20:29:44.602Z,11.92775823358982,mittel,8.339005731482711,0.9477235257162974,2024,12.113021296931112,0
B-604607,021e29e2-0a72-46be-87a6-a84d350ea7d8,2023-01-15T20:34:44.602Z,2023-01-15T20:46:29.611Z,14.421046003182703,mittel,10.49479239030306,0.9986869603365074,2024,11.75015680935287,0
B-793501,49bb4445-8db1-4284-955b-1c563e4bee93,2023-01-15T20:51:29.611Z,2023-01-15T21:03:03.788Z,8.885016429984333,klein,6.62081022279254,1.118774477245571,2022,11.56960735287964,0
B-342252,9484c297-6d68-47ed-aab9-2c2b616a6de9,2023-01-15T21:08:03.788Z,2023-01-15T21:22:20.996Z,7.260394040841844,groß,5.4563939148569665,0.8873490420052355,2022,14.286796214299105,1
B-670181,3c72cbb1-7709-4a61-801d-822750b23aa7,2023-01-15T21:27:20.996Z,2023-01-15T21:39:39.012Z,9.82343590329749,klein,7.088752656440535,1.1515745781130997,2022,12.300271307912407,0
B-934895,d6b4a483-c620-4837-b22c-e60d9917d1d8,2023-01-15T21:44:39.012Z,2023-01-15T21:58:04.510Z,15,klein,10.703883335750106,1.1845036838168306,2023,13.42496352886761,0
B-180249,de65bbb7-7293-4f2a-837c-95c399cc00df,2023-01-15T22:03:04.510Z,2023-01-15T22:17:08.275Z,8.392650864060538,klein,6.257999863774243,1.2,2022,14.062761050554663,0
B-416571,3dc602fd-76fa-4371-90f9-60e682762a3a,2023-01-15T22:22:08.275Z,2023-01-15T22:34:54.858Z,13.278233610888135,mittel,10.804013508824479,1.0345809287560694,2024,12.776371591309466,0
B-190959,00b3b6b5-ad5d-4a14-add7-208f9594a2e5,2023-01-15T22:39:54.858Z,2023-01-15T22:49:58.425Z,13.355401628152881,mittel,11.27935076835787,1.013655921714682,2024,10.059457348183523,0
B-129256,bd30c88f-eb8c-4744-a406-c707d2303254,2023-01-15T22:54:58.425Z,2023-01-15T23:04:16.081Z,8.892823516584011,mittel,6.556835760158888,0.9500893870744297,2023,9.294268222071922,0
B-578790,65c7b9f9-1d77-40dc-85bf-23613b6aa932,2023-01-15T23:09:16.081Z,2023-01-15T23:21:33.935Z,11.137966158370551,klein,8.497375104553008,1.149860694466655,2022,12.29756126961461,1
B-800861,20c4d15d-fab2-4b39-ab18-732923d97cea,2023-01-15T23:26:33.935Z,2023-01-15T23:38:13.384Z,13.256793246257075,klein,9.678736288158351,1.1233454798992082,2024,11.65748739035013,0
B-195218,cf931358-32fd-4a4f-b21b-77fef332563e,2023-01-15T23:43:13.384Z,2023-01-15T23:55:23.871Z,9.241744518025026,mittel,7.361956444045245,0.9827968021647887,2022,12.174782857840244,1
B-165191,80a3839f-43fc-4000-a7aa-c3994fb297ef,2023-01-16T00:00:23.871Z,2023-01-16T00:12:21.945Z,9.592839279795276,groß,6.825842789645407,0.8312732924624875,2022,11.967891921502828,1
B-765151,04a76de8-496e-4673-8f49-15b5cdae0ff2,2023-01-16T00:17:21.945Z,2023-01-16T00:34:31.973Z,8.836638172102713,groß,7.642438350923371,0.8010037212608877,2024,17.167147320333136,1
B-446804,a5c3b487-5961-4c27-9ce4-b772604f0537,2023-01-16T00:39:31.973Z,2023-01-16T00:48:52.346Z,7.970486538614266,klein,5,1.0521330705433005,2023,9.339547488717324,0
B-676034,7a471b60-2ab8-435b-b560-aa6fc7dad2d1,2023-01-16T00:53:52.346Z,2023-01-16T01:01:53.553Z,8.701444909867986,mittel,6.601526255441926,0.9665928475836116,2022,8.02010746035775,0
B-487244,84ce1ef8-aadc-44be-911b-19c42e4047b3,2023-01-16T01:06:53.553Z,2023-01-16T01:19:33.438Z,7.552119466475487,groß,6.342802912372132,0.8596689725962079,2022,12.66475366703922,1
B-188341,8a290661-4a63-49c2-b4e2-b2ba4c831b76,2023-01-16T01:24:33.438Z,2023-01-16T01:35:48.267Z,10.068166936518452,mittel,8.238368065537266,0.9325911477286255,2024,11.247154890823609,0
B-496931,4dc1c87a-a99d-4a1e-9656-df8c509ef1fd,2023-01-16T01:40:48.267Z,2023-01-16T01:53:26.195Z,8.460053537882716,groß,9.46107649428667,0.8507841118235812,2022,12.632135739459903,0
B-677911,91b9deb6-1102-43be-afbe-89e8bd6f9a8a,2023-01-16T01:58:26.195Z,2023-01-16T02:11:36.261Z,10.467571823581496,klein,8.723857483433104,1.2,2023,13.167766044568003,1
B-991971,3c087b53-8562-461e-9f3b-733298cd40fe,2023-01-16T02:16:36.261Z,2023-01-16T02:31:10.354Z,6.888208707592746,groß,5,0.901152827762612,2022,14.568209390357795,0
B-314687,517a21d1-7465-42b7-add5-1b815d057276,2023-01-16T02:36:10.354Z,2023-01-16T02:45:09.487Z,10.661760464428914,mittel,8.43394412445406,1.0821770754560265,2024,8.985548359232123,0
B-303385,c36edc36-c1d5-433f-b547-7a0e134c9ac6,2023-01-16T02:50:09.487Z,2023-01-16T03:01:02.681Z,11.667057923217849,groß,7.557400005107828,0.8695563938466363,2023,10.886564204285675,0
B-191314,48a97a5e-649f-4756-b4e5-01af13d6601d,2023-01-16T03:06:02.681Z,2023-01-16T03:18:54.132Z,6.012528714857089,mittel,5,1.0583754911493224,2023,12.857522517761527,1
B-231263,1afeb800-0bf6-4688-badb-d447e289d90a,2023-01-16T03:23:54.132Z,2023-01-16T03:37:26.588Z,10.748113139695144,mittel,7.765434454755358,0.9638017634766106,2024,13.540927191374454,0
B-943568,eee21d5a-e916-4b1e-afe2-d195fe8de491,2023-01-16T03:42:26.588Z,2023-01-16T03:58:49.802Z,12.455337984946585,groß,10.87966066351743,0.8177829866489008,2023,16.38689910057677,1
B-573913,6aef78b1-b1b0-4c85-8c7a-c83d5b254b7c,2023-01-16T04:03:49.802Z,2023-01-16T04:17:44.486Z,7.580717962617589,klein,5.515034095498536,1.0130429896931263,2022,13.911407942227735,0
B-810226,d274e69a-409f-48f1-8fbd-727df31fe16b,2023-01-16T04:22:44.486Z,2023-01-16T04:34:37.671Z,13.345144773675408,mittel,10.55934990314508,1.059307273702115,2023,11.886422808227445,0
B-494068,44cc12fc-f67b-40bc-a884-1d9f8664438d,2023-01-16T04:39:37.671Z,2023-01-16T04:49:50.819Z,10.83803801873209,mittel,8.034872573581268,1.0770161989909943,2023,10.219128494114678,0
B-230220,8b69faf0-9834-4036-a7de-a357681e6712,2023-01-16T04:54:50.819Z,2023-01-16T05:05:43.104Z,8.589976288483182,mittel,8.610832382639877,0.9723411377326365,2022,10.871420294561961,0
B-814779,b6e47bb6-c9c0-404c-9e9b-01a9d7b79de4,2023-01-16T05:10:43.104Z,2023-01-16T05:21:31.980Z,9.888461844684588,groß,7.589526709629759,0.8373024146801382,2023,10.814594354085788,0
B-601332,ac5c7664-ad27-479f-91e7-86941f7e5cd4,2023-01-16T05:26:31.980Z,2023-01-16T05:39:50.608Z,11.116653825043445,klein,10.725880103513958,1.112306894315452,2023,13.310467257027522,0
B-204254,4325f875-ddb1-4912-9fd9-b55a8afe0cc1,2023-01-16T05:44:50.608Z,2023-01-16T05:57:21.448Z,10.152010782824822,mittel,8.935760388378124,1.0191326775738745,2024,12.513994891171661,1
B-366436,01460d2e-a671-4160-a627-0aee34ec3644,2023-01-16T06:02:21.448Z,2023-01-16T06:11:42.610Z,11.077511984892737,mittel,9.344076315249577,1.056246627265162,2024,9.352700858315643,0
B-253051,7c9f81b9-f9d5-4501-aada-d3063dd277c5,2023-01-16T06:16:42.610Z,2023-01-16T06:27:50.302Z,8.158652813841268,klein,6.895655398390534,1.0628614013059479,2023,11.128197061819135,0
B-587672,73a8d3b5-bff6-4699-bdf8-4c0b53109e7c,2023-01-16T06:32:50.302Z,2023-01-16T06:46:35.607Z,10.338721648072156,mittel,8.664774616673975,1.0204719265321127,2024,13.755095106902841,0
B-135754,975b221f-963d-41c6-82e0-480e9af34dcc,2023-01-16T06:51:35.607Z,2023-01-16T07:04:17.807Z,7.17257100619004,klein,5,1.1361664114140426,2022,12.703324709948118,1
B-898011,cf336a55-1135-477b-a779-54a641108a82,2023-01-16T07:09:17.807Z,2023-01-16T07:22:26.044Z,9.777547877302599,mittel,7.5431549076913225,1.0056697195983344,2023,13.137289232025541,0
B-454219,65d0e32e-105a-4c25-b9af-7d5d166e12df,2023-01-16T07:27:26.044Z,2023-01-16T07:40:11.995Z,8.19218471707042,groß,7.3989057448406585,0.8729497000837145,2023,12.765843420114527,0
B-640289,1a70e5d3-1c9b-467c-a891-e910578e36cd,2023-01-16T07:45:11.995Z,2023-01-16T08:00:27.166Z,8.528940114820466,mittel,6.774254908382268,0.9905898780613589,2022,15.252861469217718,1
B-944211,1af4f1ab-b1fa-4ac5-b866-cb6ddef371e8,2023-01-16T08:05:27.166Z,2023-01-16T08:17:55.492Z,12.472186350420875,mittel,8.572559233533125,0.9948206573297109,2024,12.47208612764874,0
B-810298,3dc602fd-76fa-4371-90f9-60e682762a3a,2023-01-16T08:22:55.492Z,2023-01-16T08:34:09.169Z,12.182620241188538,groß,9.69369174237336,0.8393062416222681,2024,11.227954404258604,0
B-916254,a598dfdb-3fc4-41b2-82b0-b7e9c5dfc62f,2023-01-16T08:39:09.169Z,2023-01-16T08:49:19.278Z,11.218276241814355,mittel,10.678726509706976,1.048515810089414,2024,10.16848991773288,0
B-917040,d0f9e939-f2b2-4200-833e-4acb5e607f29,2023-01-16T08:54:19.278Z,2023-01-16T09:06:49.231Z,7.815374470654842,groß,7.499191292058593,0.8709379980063748,2022,12.499218916419423,1
B-281869,c053ad5c-7800-48cf-9beb-2bd3fcb2c445,2023-01-16T09:11:49.231Z,2023-01-16T09:18:56.347Z,9.367183100610395,mittel,7.431742471122285,1.011029176886868,2023,7.118591970449832,0
B-454197,383480e0-ddcc-4255-b9d7-7ea49db6f8ae,2023-01-16T09:23:56.347Z,2023-01-16T09:35:34.232Z,12.426195399958367,groß,10.892405597024782,0.8,2024,11.631421996334575,0
B-778575,d9a4fd91-bf70-4567-85fe-77c278918a90,2023-01-16T09:40:34.232Z,2023-01-16T09:52:09.531Z,10.28343382727981,klein,7.860240041455797,1.1310710128393422,2024,11.588320280157312,1
B-705347,bd30c88f-eb8c-4744-a406-c707d2303254,2023-01-16T09:57:09.531Z,2023-01-16T10:06:25.795Z,14.63865907996339,groß,10.007055677143994,0.8949334580169587,2024,9.271058292765439,0
B-704528,91b9deb6-1102-43be-afbe-89e8bd6f9a8a,2023-01-16T10:11:25.795Z,2023-01-16T10:21:34.403Z,10.786635678788743,klein,7.70484255490144,1.151884828656196,2022,10.143468322688008,1
B-573075,5e279a41-4327-4af1-99d7-8abeaaa7766f,2023-01-16T10:26:34.403Z,2023-01-16T10:40:11.562Z,10.384098232980064,mittel,9.87016735489225,1.032976573479457,2024,13.619315060296483,0
B-684583,4c956237-c35a-4b87-b975-2327da5c59ed,2023-01-16T10:45:11.562Z,2023-01-16T10:57:39.247Z,9.381767071594997,mittel,7.231420575446694,1.0883255900163817,2022,12.461423498149925,0
B-870160,2fc993f6-b2e4-40a7-a071-29798329ec94,2023-01-16T11:02:39.247Z,2023-01-16T11:14:51.462Z,10.267081809564564,mittel,7.970281468276633,1.0519303034604408,2024,12.203576667414655,0
B-261788,c487f77f-ab78-4d38-a79a-1fd722938c3c,2023-01-16T11:19:51.462Z,2023-01-16T11:32:28.224Z,9.695060327238913,mittel,7.456210065516251,1.0046579168849872,2022,12.612695067864045,0
B-745034,c607a213-0491-4431-8069-605b33a5f72c,2023-01-16T11:37:28.224Z,2023-01-16T11:49:39.339Z,11.416217353377181,mittel,11.037110472274753,0.9744505414902136,2024,12.185255175897847,0
B-330049,7db5e1ca-a5af-4784-9f7c-c92b903712b5,2023-01-16T11:54:39.339Z,2023-01-16T12:09:08.482Z,11.913404633589169,mittel,11.156682622233397,0.8723225201972051,2024,14.485725125716629,0
B-225760,a598dfdb-3fc4-41b2-82b0-b7e9c5dfc62f,2023-01-16T12:14:08.482Z,2023-01-16T12:26:23.294Z,8.4280210789841,klein,8.961197096635415,1.1415807538763574,2022,12.246858363407297,0
B-881765,8043189a-0444-4dbd-b734-938440b16ac9,2023-01-16T12:31:23.294Z,2023-01-16T12:40:28.308Z,7.337534092884444,klein,5.710982063907505,1.1336993752091575,2022,9.083573772362499,1
B-721147,067dc0fa-c66a-4611-a5a0-b12b0ebd9bed,2023-01-16T12:45:28.308Z,2023-01-16T13:00:43.924Z,6.327589253793407,klein,5.357695891781821,1.1695183097197688,2022,15.26025992974882,0
B-871979,e1d10d14-cc9a-4af6-8161-38d9baea1236,2023-01-16T13:05:43.924Z,2023-01-16T13:18:28.365Z,11.015982653825088,mittel,7.296143573639279,0.9923047386512657,2024,12.740680534657692,1
B-227393,c3eaedf2-35d7-463f-8afc-f9dd5f6abf80,2023-01-16T13:23:28.365Z,2023-01-16T13:34:17.654Z,7.793266787652253,klein,7.711547856240077,1.1339807470281602,2022,10.821492538409865,1
B-579941,f3534af1-57e2-4c40-9ece-3973957185cf,2023-01-16T13:39:17.654Z,2023-01-16T13:48:47.246Z,5.694218814095034,mittel,5,0.911030053474639,2022,9.493196563409963,1
B-869307,151e1cb1-fb24-4ba6-b6de-1d409930fef6,2023-01-16T13:53:47.246Z,2023-01-16T14:06:34.756Z,10.777157209061928,mittel,8.838501331012171,0.9530016085424967,2024,12.79182844191609,1
B-472305,e4e2f9f0-0ad1-4b5e-a4b6-c3d7a9979fce,2023-01-16T14:11:34.756Z,2023-01-16T14:23:20.695Z,14.985999034865582,klein,10.891496700259623,1.173832552040028,2024,11.765655990051249,0
B-532629,cf931358-32fd-4a4f-b21b-77fef332563e,2023-01-16T14:28:20.695Z,2023-01-16T14:43:29.593Z,9.987858176920213,mittel,7.401419714797475,1.0857953815566348,2023,15.148293572064818,1
B-755891,eabe56e4-a35e-4395-8d2f-44ab107d0e76,2023-01-16T14:48:29.593Z,2023-01-16T14:59:48.084Z,11.676981548903283,groß,8.504322808072928,0.8451237308127189,2024,11.308185438666344,1
B-398736,3ae38ae5-96f7-4da2-b768-627a5726b085,2023-01-16T15:04:48.084Z,2023-01-16T15:15:07.598Z,10.16365871709513,klein,7.523051713000286,1.166390553678706,2024,10.325238420635067,1
B-599814,40fadd1b-cf79-4e3e-9466-1d9e1afccb94,2023-01-16T15:20:07.598Z,2023-01-16T15:33:55.094Z,9.802220693617715,mittel,7.302653851745193,1.0476239078476404,2022,13.791592436471857,0
B-670025,c551bec4-c9c1-4c4f-9dc2-4cbb0c0c65c6,2023-01-16T15:38:55.094Z,2023-01-16T15:52:46.128Z,11.838152965975537,mittel,8.922253577855352,0.9594553031899875,2022,13.850563785433662,1
B-291257,e3183486-6c68-442e-9465-d0764d715763,2023-01-16T15:57:46.128Z,2023-01-16T16:10:06.366Z,9.419450911622697,mittel,8.368894641078466,1.018340702164272,2023,12.33730273522039,1
B-980495,3cbcc5b8-02da-470a-b903-5fa805280e45,2023-01-16T16:15:06.366Z,2023-01-16T16:28:27.529Z,10.534784628143806,mittel,7.322964909452524,0.962975494683392,2024,13.352714095349818,1
B-231217,8e55ea38-3270-4714-8fe7-29a139ff29e6,2023-01-16T16:33:27.529Z,2023-01-16T16:45:23.006Z,10.643395612392027,mittel,8.73525791692749,1.0432412219245506,2024,11.924625758515525,0
B-391676,49cdebeb-1e25-4e88-8c3c-def979bd2d3e,2023-01-16T16:50:23.006Z,2023-01-16T17:02:51.070Z,8.663819092713902,mittel,8.14901442647668,1.0075701523975866,2022,12.467730202018494,0
B-172195,6aef78b1-b1b0-4c85-8c7a-c83d5b254b7c,2023-01-16T17:07:51.070Z,2023-01-16T17:22:10.869Z,11.984084699073046,klein,9.07407139474504,1.164922590699072,2024,14.329981765127846,1
B-629516,151b389a-0be8-4087-8a98-0c59ce2861e2,2023-01-16T17:27:10.869Z,2023-01-16T17:40:25.907Z,9.650080486609182,mittel,7.002145498539744,0.9608700701290706,2022,13.250636668043006,0
B-544554,758e5398-fa0d-4d97-af23-f17f48bcef15,2023-01-16T17:45:25.907Z,2023-01-16T17:57:05.594Z,8.48850968101431,mittel,6.560283119631198,1.0353516179805393,2023,11.66145112333475,0
B-474568,ca869309-d37c-43d5-8328-0413bd0dbd66,2023-01-16T18:02:05.594Z,2023-01-16T18:16:47.878Z,11.073019687140807,klein,10.038140958073356,1.2,2024,14.704725091852302,1
B-671647,c7d83577-75fc-459d-8302-6366cdeed3fc,2023-01-16T18:21:47.878Z,2023-01-16T18:29:04.095Z,8.203064036417926,mittel,6.756558860087699,0.9496044152285897,2023,7.2702892544169755,0
B-494949,800e55be-341c-4e77-be20-70d1c07e9b7a,2023-01-16T18:34:04.095Z,2023-01-16T18:50:10.344Z,10.056362314738257,groß,7.513875557183007,0.8330120496176238,2024,16.10414662284387,0
B-507303,90d752b3-0ee0-40f8-ae58-acdb7d787682,2023-01-16T18:55:10.344Z,2023-01-16T19:03:45.629Z,9.981762006711593,mittel,8.469286256557314,1.0115803737084046,2023,8.58808181021853,0
B-552175,d4f4077b-8cd5-468c-a0d8-c022a4edaaaa,2023-01-16T19:08:45.629Z,2023-01-16T19:19:30.378Z,12.171791131663156,mittel,8.635140755494103,1.0393203105997908,2023,10.745814350455408,0
B-570422,404aa830-2dee-4c24-aeed-bee3c91463d6,2023-01-16T19:24:30.378Z,2023-01-16T19:36:25.468Z,10.949396465759905,groß,9.440876683050874,0.8220226857355265,2024,11.918164929609862,0
B-820426,dbfeb0c1-ae33-44dd-a243-bbec2c376b46,2023-01-16T19:41:25.468Z,2023-01-16T19:53:07.890Z,9.949946082509712,mittel,8.368564173709537,0.858348485492863,2022,11.707038658543677,0
B-796748,c053ad5c-7800-48cf-9beb-2bd3fcb2c445,2023-01-16T19:58:07.890Z,2023-01-16T20:12:08.659Z,11.635532598400575,mittel,9.000617607581576,1.0679594747082013,2024,14.012822080053109,0
B-944297,c053ad5c-7800-48cf-9beb-2bd3fcb2c445,2023-01-16T20:17:08.659Z,2023-01-16T20:27:01.719Z,12.780415098034627,mittel,9.385746279980472,1.038025305979207,2024,9.884326762779532,0
B-775652,475dbf96-72e9-4cb1-983b-915b2e1625ba,2023-01-16T20:32:01.719Z,2023-01-16T20:44:33.011Z,11.115620612703724,groß,8.005815567879523,0.8,2024,12.521533634966126,1
B-423470,36a167b0-29b9-4c23-aeb7-7dbf93bff693,2023-01-16T20:49:33.011Z,2023-01-16T21:00:23.625Z,10.02070523968676,mittel,8.551381528095318,0.9696215604110222,2024,10.843575803560492,0
B-972729,256f78ea-8786-47cd-99cf-d9f5d670da1e,2023-01-16T21:05:23.625Z,2023-01-16T21:17:59.042Z,7.376327535299681,mittel,7.130042530728807,1.0784091214763663,2022,12.590281958674833,0
B-187156,7fefa7a3-c949-4cd3-8462-4a86976c314c,2023-01-16T21:22:59.042Z,2023-01-16T21:34:51.270Z,7.869772673849255,mittel,5.6585103920506095,1.0723898209228933,2024,11.870455480404248,0
B-285238,e28e2755-7477-43e3-b0d4-78d3d7362c3f,2023-01-16T21:39:51.270Z,2023-01-16T21:52:02.422Z,9.389550591290664,groß,7.970027176584017,0.8969320011339472,2022,12.185871305365955,1
B-178809,7ae6daed-80a3-4772-bba4-38165dc6228a,2023-01-16T21:57:02.422Z,2023-01-16T22:07:56.431Z,8.780975595681433,mittel,5,0.9911943783020069,2024,10.90015033507131,1
B-563740,cc78a654-552c-4a33-8d91-22fd5b0bffb6,2023-01-16T22:12:56.431Z,2023-01-16T22:23:55.223Z,9.626057394029107,klein,7.116228184566087,1.1541493709406254,2022,10.979872099807835,0
B-821746,59560af4-a33e-4678-8a9b-61af2ae518c2,2023-01-16T22:28:55.223Z,2023-01-16T22:41:29.696Z,10.113299849794215,groß,8.05958094696447,0.8434537097436936,2023,12.574545028054853,0
B-885679,a63fff40-095c-4ca1-beed-c0c9abfc8130,2023-01-16T22:46:29.696Z,2023-01-16T23:00:22.942Z,11.059385508713461,mittel,7.937824989988936,1.0564119891634418,2024,13.887431011512088,0
B-740530,b7ccc021-16a8-400b-90e0-fb5ea0807088,2023-01-16T23:05:22.942Z,2023-01-16T23:16:11.148Z,9.859002443881817,klein,6.950695580315857,1.1062078796752444,2022,10.803441331604304,1
B-402886,ac5c7664-ad27-479f-91e7-86941f7e5cd4,2023-01-16T23:21:11.148Z,2023-01-16T23:31:26.896Z,10.973003287652404,mittel,8.110623073653036,0.9597100172557897,2023,10.262464910854181,0
B-280237,9cfb237d-2c4c-4165-97d9-a5f99ade621c,2023-01-16T23:36:26.896Z,2023-01-16T23:49:40.511Z,10.12894882962024,mittel,8.395351792022566,1.0505137293418008,2024,13.226920331343674,0
B-400884,e775e0a2-8027-4b7f-a9ae-8959f5c293f7,2023-01-16T23:54:40.511Z,2023-01-17T00:06:36.611Z,6.049066867292257,groß,5,0.8477819272244219,2023,11.934992213884621,1
B-843089,c7eb3963-ec22-4ddc-b4c6-bc5163ee1f1f,2023-01-17T00:11:36.611Z,2023-01-17T00:25:16.271Z,8.121329212362491,klein,5,1.2,2022,13.660996267971903,1
B-165140,3c8b167e-a75f-442e-a299-b97750bcdb1b,2023-01-17T00:30:16.271Z,2023-01-17T00:40:27.575Z,9.71182488855677,groß,5.64875975821035,0.8164243896509726,2022,10.188405573257704,0
B-239748,f299720d-15a1-447c-b06a-453f5b424d9a,2023-01-17T00:45:27.575Z,2023-01-17T00:53:54.042Z,7.580610514317785,mittel,5.457623233597053,0.9972610819830587,2022,8.441122149153138,1
B-229114,66bc6ace-091f-46d4-9597-18bcbf67051e,2023-01-17T00:58:54.042Z,2023-01-17T01:09:50.082Z,11.199857459992408,klein,9.417572554047478,1.1038793507578022,2023,10.933991836347332,0
B-930824,e775e0a2-8027-4b7f-a9ae-8959f5c293f7,2023-01-17T01:14:50.082Z,2023-01-17T01:25:18.120Z,13.061501664687395,groß,7.701696489024682,0.8503681340711783,2024,10.467294781469969,1
B-942968,dff4930b-eec6-41bf-93c4-591f456194d6,2023-01-17T01:30:18.120Z,2023-01-17T01:42:08.665Z,12.437523703394634,mittel,9.450288786564077,0.92607265315006,2023,11.8424231998394,0
B-465082,8459a7c6-7bea-4d67-b15a-926fef2fd2bf,2023-01-17T01:47:08.665Z,2023-01-17T01:57:52.244Z,9.573114258139585,klein,7.132243549994247,1.1256183289522517,2023,10.726309571459222,0
B-877781,04a76de8-496e-4673-8f49-15b5cdae0ff2,2023-01-17T02:02:52.244Z,2023-01-17T02:16:21.166Z,12.981452273699905,mittel,11.773499597168371,0.9281873067535941,2024,13.482033902672898,0
B-234873,1bb07f37-77dc-448b-a709-6232bd286f08,2023-01-17T02:21:21.166Z,2023-01-17T02:32:46.588Z,10.297334914404223,groß,7.852846119810515,0.8846961616595629,2024,11.423699475154967,0
B-602085,01f99182-f9ac-4b89-873b-2cbbe3d5c53f,2023-01-17T02:37:46.588Z,2023-01-17T02:50:04.644Z,9.325828057763921,mittel,7.843651430952066,1.0358294669879826,2023,12.300948997547803,0
B-587051,53c5f3aa-f153-44b0-a16c-9f1b82fa6e2e,2023-01-17T02:55:04.644Z,2023-01-17T03:07:23.561Z,8.77319467291812,klein,7.159812878421959,1.0634868634757826,2022,12.315269116881888,0
B-610125,990e7ae9-e726-4436-a5ca-8f33c82a8a57,2023-01-17T03:12:23.561Z,2023-01-17T03:24:46.955Z,9.395060627023744,klein,5.385482021811795,1.2,2022,12.389910184824375,0
B-752800,cbe47164-fc30-4f72-9816-7003aa630b75,2023-01-17T03:29:46.955Z,2023-01-17T03:41:44.060Z,9.223646362917542,klein,8.147124306965772,1.2,2022,11.951741779090053,0
B-937201,e28e2755-7477-43e3-b0d4-78d3d7362c3f,2023-01-17T03:46:44.060Z,2023-01-17T03:59:45.332Z,10.340832444750976,mittel,8.48806246125707,1.002300319336817,2024,13.021201380820628,1
B-226989,3433d671-b123-4cb5-8253-ee4ddd964a89,2023-01-17T04:04:45.332Z,2023-01-17T04:15:09.853Z,10.32114796209973,mittel,8.765187009354374,0.9679442869887678,2024,10.408689732348385,0
B-565635,53c5f3aa-f153-44b0-a16c-9f1b82fa6e2e,2023-01-17T04:20:09.853Z,2023-01-17T04:34:57.783Z,10.006092040306829,klein,11.93111133868179,1.2,2024,14.798835853307766,0
B-109702,f7c81eb3-0c1a-4a63-850d-3fd6b1e3f2da,2023-01-17T04:39:57.783Z,2023-01-17T04:51:29.399Z,10.8738763394927,klein,6.614988132095572,1.0840515750848745,2023,11.52692523326293,0
B-365249,d534a53d-f86b-411a-bbe5-44a2812761f5,2023-01-17T04:56:29.399Z,2023-01-17T05:05:52.013Z,12.381292549572683,mittel,11.629730689419256,1.0010053233434548,2024,9.376901724202636,0
B-266260,56b3fe5d-1583-4c55-90f0-768e06b108d2,2023-01-17T05:10:52.013Z,2023-01-17T05:23:14.582Z,11.899108270882648,groß,9.231839097305762,0.8589811136315961,2024,12.376146713983546,0
B-378726,f5580809-d4a4-437a-a2a4-cfb7642b2132,2023-01-17T05:28:14.582Z,2023-01-17T05:38:32.440Z,7.030204063100193,mittel,5.911492154883164,1.0672573810226207,2024,10.29763903510503,0
B-319249,9d3f6ed0-dfb8-4cae-a624-a311617a3c48,2023-01-17T05:43:32.440Z,2023-01-17T05:56:52.280Z,4.89215773019609,groß,5,0.8679869487563394,2023,13.33066906901775,0
B-307416,758e5398-fa0d-4d97-af23-f17f48bcef15,2023-01-17T06:01:52.280Z,2023-01-17T06:18:17.433Z,11.868639822478547,mittel,9.070675524584795,0.9750683052105774,2023,16.419211152084756,0
B-259538,c7d83577-75fc-459d-8302-6366cdeed3fc,2023-01-17T06:23:17.433Z,2023-01-17T06:33:43.044Z,7.266242603169157,klein,5.243161154296567,1.102440781480602,2022,10.4268558168843,1
B-721328,58b01c0b-694e-4d23-9dd2-4e1f87cc8a0a,2023-01-17T06:38:43.044Z,2023-01-17T06:51:22.929Z,9.550469196214634,groß,7.969884092544716,0.8329089089876932,2023,12.66474466644797,0
B-498010,416fc6d7-1ff2-460d-b3a1-d168edcb27b2,2023-01-17T06:56:22.929Z,2023-01-17T07:04:52.268Z,7.6597739478812805,mittel,5,0.9496536319527428,2022,8.488988822590745,0
B-227632,d1690185-e211-48a1-a89e-730225ba095f,2023-01-17T07:09:52.268Z,2023-01-17T07:22:46.737Z,6.396039124839961,mittel,5.867410467393734,1.0023912659892342,2022,12.907810458882695,0
B-708918,b14ae7be-c4f0-4e63-ab56-9ecfa862b5b1,2023-01-17T07:27:46.737Z,2023-01-17T07:38:00.451Z,11.082925456409576,groß,8.450145960242407,0.8217901910069757,2024,10.22857240040062,1
B-463579,25122a5b-d05c-414d-9f61-bdac3f8294f9,2023-01-17T07:43:00.451Z,2023-01-17T07:53:45.471Z,11.518310320605293,klein,8.084578917443878,1.0752981103355124,2024,10.750330763131036,0
B-445028,1bd794cb-7aa1-427f-a90d-312c481d9d36,2023-01-17T07:58:45.471Z,2023-01-17T08:08:33.317Z,8.846979198546562,klein,6.627570500841435,1.2,2023,9.797427020320344,1
B-169772,e4b58038-32ed-4989-b1bc-3911e787149d,2023-01-17T08:13:33.317Z,2023-01-17T08:27:01.175Z,4.81791541571018,mittel,5.111481549430717,0.975116373828548,2022,13.464302452109472,0
B-988599,30a55bb8-56f8-4f2d-a5d3-0b229cd776c1,2023-01-17T08:32:01.175Z,2023-01-17T08:46:02.051Z,8.907511103495034,klein,6.5906737957798045,1.0865931597512344,2023,14.014608714946526,0
B-501104,5d5619d2-37db-41ca-a2b2-9b83a1d142a3,2023-01-17T08:51:02.051Z,2023-01-17T09:03:04.858Z,10.783608010805093,klein,8.985340026853693,1.1415870432756228,2023,12.046770429317016,1
B-952522,c30e4af7-cb7f-44d8-8a63-7df97c0518f7,2023-01-17T09:08:04.858Z,2023-01-17T09:18:21.126Z,7.0421768624517425,klein,5,1.1534185782983828,2022,10.271146589328561,1
B-495584,2466c685-cabe-4822-be1c-cd46258370fe,2023-01-17T09:23:21.126Z,2023-01-17T09:38:31.869Z,10.36671983955831,klein,9.051297721570268,1.0626766637210483,2024,15.179046072207726,0
B-640733,44cc12fc-f67b-40bc-a884-1d9f8664438d,2023-01-17T09:43:31.869Z,2023-01-17T09:54:01.820Z,9.96938030165401,mittel,8.661011980113411,1.0165823833562881,2022,10.499179744490688,0
B-252762,95e670ca-9965-4a02-8b19-9c5e1ee6b2c4,2023-01-17T09:59:01.820Z,2023-01-17T10:06:42.376Z,11.158582999202176,klein,10.775475232658152,1.0976421215654866,2024,7.675935400145122,0
B-997248,d7565fd1-acc8-44c1-9877-85ab21686474,2023-01-17T10:11:42.376Z,2023-01-17T10:24:37.383Z,10.239160736828307,mittel,8.015764643963431,1.0855514404595394,2024,12.916778019914137,1
B-353682,eabe56e4-a35e-4395-8d2f-44ab107d0e76,2023-01-17T10:29:37.383Z,2023-01-17T10:39:24.810Z,8.05386211823689,mittel,7.111744499347418,1.0261980256038368,2024,9.790450652716967,0
B-226805,868f075e-ee53-42ac-9887-7c670894f0ce,2023-01-17T10:44:24.810Z,2023-01-17T10:58:23.443Z,12.393143003328984,mittel,10.012581942202132,0.9800050004945342,2024,13.97721758699835,0
B-524104,aea7d503-4b6f-4927-abd3-da0ad47303f0,2023-01-17T11:03:23.443Z,2023-01-17T11:14:37.706Z,9.68294085394606,klein,9.042224465019864,1.1127416114841324,2022,11.237724606653162,0
B-465321,5de6db16-6e96-4223-a613-01ece650f27c,2023-01-17T11:19:37.706Z,2023-01-17T11:32:50.152Z,9.945390920980136,mittel,7.23748034917538,0.9947516146218188,2023,13.207426481088392,0
B-329807,26736091-efe7-47a0-8df0-6aa5507fbd15,2023-01-17T11:37:50.152Z,2023-01-17T11:52:38.332Z,8.133464081853608,klein,7.251776578360168,1.1806395370791645,2022,14.803000693104316,0
B-236070,3ad308bf-44ac-4eba-81c6-71283944a65c,2023-01-17T11:57:38.332Z,2023-01-17T12:07:13.269Z,9.11343549761698,mittel,7.096051101976902,0.99872529357074,2023,9.582282270758556,0
B-765400,2466c685-cabe-4822-be1c-cd46258370fe,2023-01-17T12:12:13.269Z,2023-01-17T12:23:05.356Z,8.230394571946198,groß,6.520127480448461,0.8391420596431571,2022,10.86812573821519,0
B-628762,54b2a7e4-81ff-4097-84a6-20b51da2a0ef,2023-01-17T12:28:05.356Z,2023-01-17T12:39:56.276Z,9.654107880153154,mittel,7.815038788570896,1.0029185145408948,2022,11.848657854685873,0
B-413387,d297f1b8-c9b3-46a2-9267-4a7b40916ac0,2023-01-17T12:44:56.276Z,2023-01-17T13:00:00.782Z,13.423416960284687,mittel,10.990973964654428,0.9698070534381522,2024,15.075102638068687,0
B-210768,08eb9e75-4d13-40f8-b4c7-18f88b63f0b1,2023-01-17T13:05:00.782Z,2023-01-17T13:15:41.776Z,7.256197714137287,mittel,5.688729128187872,0.9828397036578481,2022,10.68323456411911,0
B-610286,8004ee04-abb3-4c59-9e3d-3421f06c35de,2023-01-17T13:20:41.776Z,2023-01-17T13:31:30.436Z,6.772877204246518,mittel,5.633014946567741,0.8957103780547497,2022,10.810992608101985,0
B-730997,ac9c8da1-f685-461b-8ece-d5a3949b8a60,2023-01-17T13:36:30.436Z,2023-01-17T13:49:27.813Z,12.942340654987216,groß,11.931990581551958,0.8986863115426184,2023,12.956281151111616,0
B-643258,ee1b4806-fa0d-414a-b834-94daffd0c308,2023-01-17T13:54:27.813Z,2023-01-17T14:05:18.545Z,9.581352645696267,groß,8.650531802172232,0.8649398890160881,2022,10.845542548578859,0
B-338938,ab77cc6a-fbf7-44d0-b674-29bbcf8a0abe,2023-01-17T14:10:18.545Z,2023-01-17T14:22:36.848Z,8.661854522680168,mittel,7.798638210641031,0.9613272077983285,2024,12.305051765795232,0
B-944072,7c9f81b9-f9d5-4501-aada-d3063dd277c5,2023-01-17T14:27:36.848Z,2023-01-17T14:36:30.664Z,12.079809374792152,mittel,9.20830797380985,1.094936749067762,2024,8.896925158063747,1
B-706493,618b4a6a-a5e6-4527-808b-e121d7b831c9,2023-01-17T14:41:30.664Z,2023-01-17T14:57:56.383Z,8.788768920526271,groß,6.141774308192693,0.8543508240196193,2022,16.42865988511319,0
B-825600,c108624d-d840-44b2-946d-97f323195c4c,2023-01-17T15:02:56.383Z,2023-01-17T15:12:14.658Z,13.652019427093872,groß,11.876916099912851,0.8,2024,9.304581539381193,0
B-640996,b2879b38-d5ec-4af6-b4ef-3e5a077a5ab8,2023-01-17T15:17:14.658Z,2023-01-17T15:28:36.048Z,11.355851742678539,mittel,9.960728186672625,1.042836871073523,2022,11.356494592019583,0
B-983074,9fb80622-08e0-4b6e-b64f-4c97149d9362,2023-01-17T15:33:36.048Z,2023-01-17T15:45:32.150Z,9.024177183708595,mittel,8.692012422717857,1.019902410825463,2022,11.935037928315811,0
B-785973,61dadfe7-437a-4550-af38-3a1f24860b55,2023-01-17T15:50:32.150Z,2023-01-17T16:06:21.673Z,14.314616426531007,klein,10.847712515255576,1.1697289992742108,2024,15.82537626871359,0
B-553836,53c8ec47-befb-486d-8055-f8bfbf757cdd,2023-01-17T16:11:21.673Z,2023-01-17T16:20:42.691Z,8.788570153993323,groß,6.801307467834312,0.8287122197674205,2023,9.350308438134519,0
B-227482,8ad2658d-38dc-4e36-a412-00cbc48ec1d8,2023-01-17T16:25:42.691Z,2023-01-17T16:41:40.736Z,11.484190744018614,klein,7.547868432689457,1.1725247861889017,2024,15.967408270957502,0
B-686101,0a4ba9d2-309a-4214-a508-6aa8c0e1aaee,2023-01-17T16:46:40.736Z,2023-01-17T17:00:11.597Z,10.598585160812984,mittel,8.086397022589516,0.9869120854889453,2023,13.514353642204044,0
B-260808,d8da16e5-1179-493a-8188-77cac80875c6,2023-01-17T17:05:11.597Z,2023-01-17T17:18:01.648Z,12.603482578797596,klein,11.079356573617526,1.177797072582292,2024,12.834190648846493,0
B-332159,df3faf7d-b5f7-4cfe-ae5b-a8089f058313,2023-01-17T17:23:01.648Z,2023-01-17T17:33:03.492Z,13.123022393453706,klein,10.031922535534768,1.054752777299468,2023,10.03073262596409,1
B-600713,0879f41b-271f-4dfe-b206-c1209e5c65c0,2023-01-17T17:38:03.492Z,2023-01-17T17:51:12.029Z,10.064008298131533,mittel,8.69168643370605,0.9783063268510406,2022,13.142282484076148,1
B-670963,8004ee04-abb3-4c59-9e3d-3421f06c35de,2023-01-17T17:56:12.029Z,2023-01-17T18:06:45.211Z,8.493164259307633,groß,6.604028301448296,0.9361077548904098,2023,10.5530267551604,1
B-526613,99f190d6-e37f-41d8-8a10-26a20badfdaa,2023-01-17T18:11:45.211Z,2023-01-17T18:26:17.210Z,10.919944285878232,klein,9.060012456924147,1.111646627229985,2024,14.533322506396825,0
B-578253,8043189a-0444-4dbd-b734-938440b16ac9,2023-01-17T18:31:17.210Z,2023-01-17T18:41:20.683Z,8.644569260495787,mittel,5.7679640185809635,0.9698080851253407,2022,10.057875941784534,1
B-124246,ae576132-5006-4eb1-b174-fdf0ee1ed151,2023-01-17T18:46:20.683Z,2023-01-17T18:58:07.104Z,14.026774495053246,klein,11.306629045676498,1.1276019330775011,2022,11.773683011087831,1
B-668790,1cdefdfd-6c94-4aa1-9660-96efbc3e9e71,2023-01-17T19:03:07.104Z,2023-01-17T19:14:00.471Z,10.273070662165475,klein,5.227320558831657,1.0892596932055678,2024,10.889453823973657,1
B-540610,a63fff40-095c-4ca1-beed-c0c9abfc8130,2023-01-17T19:19:00.471Z,2023-01-17T19:29:01.968Z,9.269356897375783,mittel,7.228589359738642,0.8895859611885873,2022,10.024954075146011,0
B-631014,795ca9e8-dd20-4656-98ff-8be7ec1748e2,2023-01-17T19:34:01.968Z,2023-01-17T19:47:30.927Z,10.369360611729817,mittel,6.665015245668715,0.9884706800738193,2023,13.482639633815829,1
B-205210,0affee22-b431-458c-bedc-0f7df06adf0b,2023-01-17T19:52:30.927Z,2023-01-17T20:05:35.182Z,7.305747420940607,klein,7.050592453299302,1.1567929712040828,2022,13.070917494819266,0
B-522513,3a24c788-3647-441f-b436-3300c55b06b1,2023-01-17T20:10:35.182Z,2023-01-17T20:25:00.263Z,8.056771922978697,mittel,7.22282489114747,0.9973747465730674,2022,14.418020397801994,0
B-785914,f299720d-15a1-447c-b06a-453f5b424d9a,2023-01-17T20:30:00.263Z,2023-01-17T20:38:26.678Z,12.400827815888851,klein,10.387333234677163,1.1427560719026055,2024,8.440249783583665,0
B-772393,89b03343-f3b7-4037-b43c-ae5c9af3993b,2023-01-17T20:43:26.678Z,2023-01-17T20:57:34.378Z,8.686211442057209,mittel,8.469975380805147,1.0021520435425193,2022,14.128341404682088,1
B-707647,e902d4d9-e7c4-496c-9384-784ac53b00eb,2023-01-17T21:02:34.378Z,2023-01-17T21:19:35.032Z,7.90617803463612,groß,5.37602590688406,0.9011420735775382,2022,17.010897810713786,1
B-276892,b43019f7-1091-4580-97fc-cec73c918888,2023-01-17T21:24:35.032Z,2023-01-17T21:35:40.835Z,11.073305505054572,groß,10.606007601959215,0.8404776907035392,2023,11.096717821646106,0
B-137054,4642f6aa-5778-483a-8f11-14ee08c3543a,2023-01-17T21:40:40.835Z,2023-01-17T21:56:28.253Z,12.371408309325993,mittel,10.82931821172118,0.9712958711456365,2024,15.79029722421794,0
B-436457,32a16a7a-74ae-456b-b651-5587b8063c9c,2023-01-17T22:01:28.253Z,2023-01-17T22:12:56.674Z,11.437906621330134,mittel,8.91377000984516,0.9859437257555956,2023,11.473677455880347,0
B-327260,4813c998-f625-407e-87d8-af3b81bf9fb5,2023-01-17T22:17:56.674Z,2023-01-17T22:27:11.985Z,11.992095371611633,groß,10.72929644447225,0.8789673379878388,2023,9.255180524877385,0
B-543132,b0bd8eeb-bc1b-441a-b82c-7fa02bbf1695,2023-01-17T22:32:11.985Z,2023-01-17T22:43:35.309Z,8.486409822861079,klein,5.68283434587723,1.2,2023,11.388735115186408,0
B-949982,65d0e32e-105a-4c25-b9af-7d5d166e12df,2023-01-17T22:48:35.309Z,2023-01-17T23:02:41.093Z,7.1563786665163125,groß,5,0.8185928130415411,2022,14.096407935350552,0
B-169163,a05c4722-5e21-4f63-b5dc-66d87236cff1,2023-01-17T23:07:41.093Z,2023-01-17T23:18:00.512Z,13.002667303910973,groß,9.79354411988908,0.8549466893514441,2023,10.323647035336936,1
B-399769,7a471b60-2ab8-435b-b560-aa6fc7dad2d1,2023-01-17T23:23:00.512Z,2023-01-17T23:33:48.471Z,9.354640322315728,klein,6.954734549788567,1.1669178720967979,2022,10.799322681987025,0
B-491684,4d4261a7-6023-422d-82cb-b4e7aac6d1f6,2023-01-17T23:38:48.471Z,2023-01-17T23:51:59.696Z,9.498333967089906,klein,6.542109530911672,1.1003710996635587,2022,13.187078864586383,0
B-275229,0fbbd5cd-f156-42eb-a19f-3b3517774fd5,2023-01-17T23:56:59.696Z,2023-01-18T00:09:00.063Z,12.656388283698115,groß,11.348193694053819,0.8510208583606459,2023,12.006120233477146,1
B-161657,f57aa70e-edfb-4aea-a089-622afcc0f629,2023-01-18T00:14:00.063Z,2023-01-18T00:27:10.218Z,11.11246001880132,mittel,8.631113614671225,0.9267163071328952,2024,13.169245904973481,1
B-132306,65d0e32e-105a-4c25-b9af-7d5d166e12df,2023-01-18T00:32:10.218Z,2023-01-18T00:44:38.758Z,10.911775544163214,klein,9.081925403687451,1.06154748481303,2022,12.475659081516671,1
B-638072,fb6512fa-4b6a-46b1-9711-02ba3751777e,2023-01-18T00:49:38.758Z,2023-01-18T01:02:36.313Z,14.330004689802168,klein,10.893652385428055,1.1683373203946128,2024,12.959250639103146,0
B-882235,de65bbb7-7293-4f2a-837c-95c399cc00df,2023-01-18T01:07:36.313Z,2023-01-18T01:18:44.437Z,8.712963539239714,mittel,5.149767530843255,0.9808062629334608,2023,11.135397628380918,1
B-199143,5abc72f5-c043-42ed-a66f-84cdb89cb6c2,2023-01-18T01:23:44.437Z,2023-01-18T01:36:12.244Z,11.855680256162474,mittel,9.754601563321403,1.010114020381061,2024,12.463461884060784,0
B-351730,1d5e6c4f-21a8-45b9-bb1b-b4b952567804,2023-01-18T01:41:12.244Z,2023-01-18T01:51:20.960Z,10.114026249794168,mittel,6.1789660244155575,0.9991052511495825,2022,10.145253988608133,1
B-293106,36a167b0-29b9-4c23-aeb7-7dbf93bff693,2023-01-18T01:56:20.960Z,2023-01-18T02:10:55.572Z,10.537184557726514,groß,8.361113600095742,0.8011799975668101,2024,14.576867245006778,1
B-785523,6514d01e-9793-47b2-8900-18f73f69a221,2023-01-18T02:15:55.572Z,2023-01-18T02:26:39.459Z,13.056936852825064,klein,9.077234443427242,1.147737284901783,2024,10.731450566365373,1
B-556784,24e7462c-308a-4730-846c-095a2cb9c287,2023-01-18T02:31:39.459Z,2023-01-18T02:45:54.920Z,11.015671512579248,mittel,10.799813209294207,0.9383449347492573,2024,14.25769497509878,0
B-744601,84ce1ef8-aadc-44be-911b-19c42e4047b3,2023-01-18T02:50:54.920Z,2023-01-18T03:02:26.887Z,11.076592158099267,mittel,9.772636448654136,1.06954861790007,2024,11.532786078034269,0
B-562307,69081392-0368-4d21-a2b8-d04606ee0bf4,2023-01-18T03:07:26.887Z,2023-01-18T03:19:51.127Z,12.145014674619604,mittel,9.821765530967165,0.9322014827570018,2024,12.403998021514642,1
B-843770,ab55cb93-a74f-4556-aad9-9888801bd431,2023-01-18T03:24:51.127Z,2023-01-18T03:35:51.732Z,9.27009454091423,klein,8.679782310386052,1.1402107364515708,2022,11.010070898218599,1
B-272549,12c985eb-2ab2-4903-9385-7b6449a426ed,2023-01-18T03:40:51.732Z,2023-01-18T03:50:49.812Z,8.321580665321987,groß,5.810948554791854,0.8,2022,9.968009137663941,0
B-580900,8924ac6a-de65-45cd-b1fd-a43a30902a1d,2023-01-18T03:55:49.812Z,2023-01-18T04:04:20.441Z,7.910381611957932,groß,6.871784668236439,0.8785210586680398,2022,8.510479224789396,1
B-355465,0d95e5e9-e862-49f7-8e37-c56648482d55,2023-01-18T04:09:20.441Z,2023-01-18T04:19:13.802Z,6.067286821247997,mittel,5.053639890717111,0.9834284314359248,2022,9.88935168281508,0
B-326548,9586aec1-5257-4adc-a2a1-b1a81043f4ee,2023-01-18T04:24:13.802Z,2023-01-18T04:35:34.933Z,14.112414259880644,mittel,11.553951489238187,0.9740666640189395,2023,11.352182293568156,0
B-133281,b11c1744-1f2f-46ce-a93e-cb5fc08957cb,2023-01-18T04:40:34.933Z,2023-01-18T04:53:00.358Z,7.793583268556634,klein,7.507220114952075,1.1926600772525777,2023,12.423758357657768,0
B-351519,00c77f55-ed24-478c-b318-47bcce11c771,2023-01-18T04:58:00.358Z,2023-01-18T05:12:01.604Z,9.557492752828455,mittel,8.378486305042568,1.0014715295838776,2023,14.020758626566527,0
B-390331,9d6b0654-c0ab-4567-b256-7316c34c04fc,2023-01-18T05:17:01.604Z,2023-01-18T05:28:08.113Z,9.446373400222159,mittel,7.8458223830027505,1.0258322222967984,2023,11.108485080406302,0
B-529450,305de8da-3a3e-4b95-aa29-95008032aa97,2023-01-18T05:33:08.113Z,2023-01-18T05:43:22.278Z,10.614813395618201,mittel,6.836963280266264,0.9509337031741267,2024,10.236078471465651,1
B-333527,544a1fa9-eb70-4577-8bf9-77c736133c91,2023-01-18T05:48:22.278Z,2023-01-18T05:57:29.152Z,11.631474425078594,groß,8.345133244783412,0.8,2024,9.114570427994575,0
B-833223,6514d01e-9793-47b2-8900-18f73f69a221,2023-01-18T06:02:29.152Z,2023-01-18T06:15:26.760Z,11.72094697671949,mittel,9.254048647779868,1.0053603981020067,2024,12.960127235808208,0
B-286303,924f78c9-9f52-422b-a0c6-d3494a7c544a,2023-01-18T06:20:26.760Z,2023-01-18T06:35:12.743Z,8.833845122862122,mittel,7.160448472566349,0.9840576822252635,2023,14.766389030658686,1
B-418860,d76fe57d-d5ab-434b-aa10-755c298caadd,2023-01-18T06:40:12.743Z,2023-01-18T06:54:44.703Z,9.665756572427178,mittel,6.602401533267818,1.0313217336226972,2024,14.532660535912576,1
B-317323,a9be735a-4159-421c-a89a-4a99e68d42b6,2023-01-18T06:59:44.703Z,2023-01-18T07:13:09.895Z,10.5651599009766,klein,10.863804596359701,1.1460045773668723,2024,13.419865496294475,0
B-891553,28205b83-a5c0-4560-a934-ec0efb076892,2023-01-18T07:18:09.895Z,2023-01-18T07:31:26.520Z,9.502617747632906,mittel,9.118488253359898,1.0102537669617315,2022,13.277086634535198,0
B-958299,c3b768ad-af18-43b7-9f08-5f3b9496dcc6,2023-01-18T07:36:26.520Z,2023-01-18T07:51:50.235Z,13.214691152039986,mittel,11.173871242024473,0.9188308735029378,2024,15.395247559418682,0
B-497941,f951daae-0651-4b48-b0fc-bd915a33c811,2023-01-18T07:56:50.235Z,2023-01-18T08:09:30.084Z,10.981949903276503,mittel,8.857596783904947,1.0944218469807128,2024,12.66416292283362,1
B-277607,80f65459-2a70-402b-ac15-55fcf0888544,2023-01-18T08:14:30.084Z,2023-01-18T08:27:47.620Z,11.469755572099634,mittel,8.963595487778557,0.9917879007483984,2024,13.292259352048344,0
B-402631,8004ee04-abb3-4c59-9e3d-3421f06c35de,2023-01-18T08:32:47.620Z,2023-01-18T08:44:09.126Z,11.325762537334825,mittel,8.108691569845623,1.0348793485169598,2024,11.358432276296002,0
B-894743,caee0e11-4e42-49ff-93aa-d65e409659a3,2023-01-18T08:49:09.126Z,2023-01-18T08:58:25.681Z,12.34694771497065,mittel,9.955038690495384,0.9581954164890186,2022,9.275913258290485,1
B-700221,4642f6aa-5778-483a-8f11-14ee08c3543a,2023-01-18T09:03:25.681Z,2023-01-18T09:14:03.619Z,10.362043117407413,mittel,8.54738703406868,1.015400495110867,2024,10.632302199000847,0
B-567677,0fbbd5cd-f156-42eb-a19f-3b3517774fd5,2023-01-18T09:19:03.619Z,2023-01-18T09:31:02.520Z,7.406336104088307,mittel,5,0.9348577618237628,2024,11.98168192293069,0
B-346702,8e55ea38-3270-4714-8fe7-29a139ff29e6,2023-01-18T09:36:02.520Z,2023-01-18T09:48:09.814Z,10.799375903505283,groß,8.973677140049125,0.8726033919129835,2023,12.121570745002606,1
B-131739,021e29e2-0a72-46be-87a6-a84d350ea7d8,2023-01-18T09:53:09.814Z,2023-01-18T10:09:00.968Z,8.697286212416342,klein,6.802569921108326,1.1322012957807082,2023,15.852571709710787,0
B-850924,36a167b0-29b9-4c23-aeb7-7dbf93bff693,2023-01-18T10:14:00.968Z,2023-01-18T10:26:10.721Z,8.942766636500487,klein,5.246405751323,1.1514595251967783,2023,12.162554335182138,0
B-393554,ab77cc6a-fbf7-44d0-b674-29bbcf8a0abe,2023-01-18T10:31:10.721Z,2023-01-18T10:45:32.183Z,11.172728037510186,mittel,8.077797419228647,1.034898701506505,2023,14.357686888051287,1
B-244558,5f0e6b0b-b880-487d-9690-ba049ce0d2fe,2023-01-18T10:50:32.183Z,2023-01-18T11:01:39.973Z,12.476566142867272,klein,9.567647380872174,1.088372984438986,2023,11.129845516847368,1
B-816698,3433d671-b123-4cb5-8253-ee4ddd964a89,2023-01-18T11:06:39.973Z,2023-01-18T11:18:02.572Z,10.042543153472124,klein,9.921722180117891,1.11577541346936,2023,11.376648228469532,0
B-152054,60110ed4-fd25-40b7-b746-13a94f79c5eb,2023-01-18T11:23:02.572Z,2023-01-18T11:32:23.091Z,10.617666025197927,mittel,9.0506859446921,1.0228662140543383,2024,9.341984725553104,0
B-275483,8ad2658d-38dc-4e36-a412-00cbc48ec1d8,2023-01-18T11:37:23.091Z,2023-01-18T11:47:54.012Z,13.404429889270476,mittel,9.388062342316491,1.1049110737273373,2022,10.515343974246857,1
B-723378,27e1c662-59d6-4e91-8f9f-ddc47214f668,2023-01-18T11:52:54.012Z,2023-01-18T12:05:57.250Z,10.481506358977137,mittel,8.871241376599347,0.9930958832669259,2023,13.053962782727506,0
B-780270,5ec579b7-25cd-40af-8296-e7f0cf99edfe,2023-01-18T12:10:57.250Z,2023-01-18T12:22:58.157Z,15,groß,10.452696011061635,0.8795568058961966,2023,12.015120360788266,0
B-849544,384c4628-057a-4e61-b1db-218fef2d88b1,2023-01-18T12:27:58.157Z,2023-01-18T12:41:51.310Z,11.131019291263089,mittel,9.987506486897544,0.9946514265070759,2023,13.885877239794468,0
B-599346,ab0ba227-cfab-4639-b145-97d619558b29,2023-01-18T12:46:51.310Z,2023-01-18T12:59:13.060Z,6.478474481688364,groß,5,0.947112279737815,2022,12.3625078966901,0
B-293110,e82c17da-bcdb-4ab9-9644-bd1bc2121b23,2023-01-18T13:04:13.060Z,2023-01-18T13:15:30.766Z,11.506683242209064,klein,9.11171040502808,1.0626389166517372,2024,11.295092536724516,1
B-539454,43ec76cc-9771-41c1-8280-a43432b4db77,2023-01-18T13:20:30.766Z,2023-01-18T13:36:48.561Z,10.762316769765555,mittel,9.935650063354633,1.0047310522334678,2024,16.296593727573917,0
B-182661,bd840226-141a-4f69-a165-4a1c234e98f7,2023-01-18T13:41:48.561Z,2023-01-18T13:53:37.293Z,12.579505508165491,groß,8.776440837948144,0.8,2024,11.812192862573905,1
B-594123,3a24c788-3647-441f-b436-3300c55b06b1,2023-01-18T13:58:37.293Z,2023-01-18T14:12:56.853Z,11.346362702539917,mittel,7.679971976918943,0.8746714214731641,2023,14.326001939410608,1
B-655636,924f78c9-9f52-422b-a0c6-d3494a7c544a,2023-01-18T14:17:56.853Z,2023-01-18T14:29:08.708Z,9.723088032032452,mittel,7.194871099279957,1.0148731026558908,2022,11.197581586910644,1
B-840911,8924ac6a-de65-45cd-b1fd-a43a30902a1d,2023-01-18T14:34:08.708Z,2023-01-18T14:47:33.860Z,7.551403527421268,mittel,7.079501672956331,1.006974889807373,2022,13.419198958767133,1
B-934643,5274a7ef-e623-49c9-8a5a-5b04bb82b026,2023-01-18T14:52:33.860Z,2023-01-18T15:06:25.222Z,9.581953485427949,klein,6.146216712865518,1.1357581531128897,2022,13.856031318303373,1
B-439792,16161860-fa54-4c37-86f0-2d63142451d3,2023-01-18T15:11:25.222Z,2023-01-18T15:23:50.241Z,8.2989590915814,mittel,5,0.9946902954980124,2022,12.41698394115116,0
B-604474,028e5e4f-1ba3-4a35-b485-50e83b5b5617,2023-01-18T15:28:50.241Z,2023-01-18T15:36:07.703Z,8.838953100390555,mittel,6.620003621903446,1.154914971703563,2023,7.291034154606796,0
B-289707,4c3a69b9-9385-4a6d-a959-3f4f8d34b120,2023-01-18T15:41:07.703Z,2023-01-18T15:53:09.893Z,11.17715680884122,groß,9.493466246983896,0.8370912430984283,2023,12.036504921712226,1
B-381215,8c038e76-19d0-41ca-8cc4-caa59f682ae2,2023-01-18T15:58:09.893Z,2023-01-18T16:12:37.548Z,13.339809008702812,klein,11.872108956701078,1.1755062180625035,2024,14.46092009551995,0
B-278335,e1d10d14-cc9a-4af6-8161-38d9baea1236,2023-01-18T16:17:37.548Z,2023-01-18T16:30:40.846Z,10.789343059645962,groß,8.16831308563137,0.817531759019306,2024,13.05496166605546,0
B-160649,ab0aecc3-6dc3-4f95-8456-a4bd58ce2846,2023-01-18T16:35:40.846Z,2023-01-18T16:48:34.347Z,7.608233875929631,groß,5.675160493627703,0.8647616287520301,2022,12.891677750458493,0
B-469181,487e9f02-da2b-4310-bcac-9d2c52c3c663,2023-01-18T16:53:34.347Z,2023-01-18T17:02:07.676Z,10.88920533644028,klein,9.865265003407973,1.138088316247219,2024,8.555486132084962,0
B-247558,4d54ec92-23ac-4b25-ad7e-0bad64473466,2023-01-18T17:07:07.676Z,2023-01-18T17:17:41.221Z,12.393262973291302,mittel,8.044868678937622,0.9794740758635135,2024,10.559089858649882,1
B-965194,384c4628-057a-4e61-b1db-218fef2d88b1,2023-01-18T17:22:41.221Z,2023-01-18T17:35:30.584Z,8.780434191361236,groß,6.63582657790598,0.9409449266100163,2024,12.822715262302879,1
B-605953,b7ccc021-16a8-400b-90e0-fb5ea0807088,2023-01-18T17:40:30.584Z,2023-01-18T17:53:19.830Z,9.731965666654165,groß,7.97599642324839,0.9088592481592169,2022,12.820766553573783,0
B-600818,c3eaedf2-35d7-463f-8afc-f9dd5f6abf80,2023-01-18T17:58:19.830Z,2023-01-18T18:12:45.590Z,10.029376389458394,mittel,8.472719832851748,1.0068373323699615,2024,14.429333560265805,1
B-431490,c607a213-0491-4431-8069-605b33a5f72c,2023-01-18T18:17:45.590Z,2023-01-18T18:29:28.206Z,8.43020337383552,mittel,6.234356005877533,0.8847894032028016,2022,11.710266489707811,0
B-562911,01460d2e-a671-4160-a627-0aee34ec3644,2023-01-18T18:34:28.206Z,2023-01-18T18:47:16.905Z,11.296560867687718,mittel,9.071689705856016,0.9819495388373716,2023,12.811648173347628,1
B-874122,8004ee04-abb3-4c59-9e3d-3421f06c35de,2023-01-18T18:52:16.905Z,2023-01-18T19:04:18.870Z,9.758103702784437,mittel,5.3181556088145605,1.1351513782202542,2023,12.032748483862587,0
B-670279,ac9c8da1-f685-461b-8ece-d5a3949b8a60,2023-01-18T19:09:18.870Z,2023-01-18T19:19:20.437Z,10.839064887814056,klein,8.013003497917396,1.1384669166680146,2023,10.026114526996887,1
B-773344,91b02e4d-5efb-4776-9523-20884766dd46,2023-01-18T19:24:20.437Z,2023-01-18T19:31:49.742Z,8.2250156443958,mittel,7.033521228071107,1.055160878602683,2022,7.488417337810505,0
B-613974,6aef78b1-b1b0-4c85-8c7a-c83d5b254b7c,2023-01-18T19:36:49.742Z,2023-01-18T19:49:41.463Z,9.12508339935318,klein,6.317772685227864,1.2,2023,12.862019384260153,0
B-770106,e95d8de0-42e8-4a31-9456-fc62e188a032,2023-01-18T19:54:41.463Z,2023-01-18T20:07:02.337Z,11.444762715655543,klein,9.214794394114032,1.1609481957927987,2024,12.347894416825623,1
B-683743,c01211e4-d8f1-45ac-bd3e-0c21c9cc0a75,2023-01-18T20:12:02.337Z,2023-01-18T20:22:48.156Z,9.254333695816467,mittel,7.850339457455871,0.9579089184065924,2022,10.763649915799663,0
B-511318,0b0aa772-c803-4296-875a-e3866cce2bd3,2023-01-18T20:27:48.156Z,2023-01-18T20:36:33.855Z,13.45392770246681,mittel,10.420592961115684,0.8782343834108556,2024,8.76165388696827,1
B-263517,618b4a6a-a5e6-4527-808b-e121d7b831c9,2023-01-18T20:41:33.855Z,2023-01-18T20:54:49.424Z,9.200727628770796,mittel,7.531045874013208,1.0342081604304478,2022,13.259479028817477,0
B-715719,b6e47bb6-c9c0-404c-9e9b-01a9d7b79de4,2023-01-18T20:59:49.424Z,2023-01-18T21:11:17.513Z,10.449369451503772,mittel,7.396762995918405,0.9592621998588226,2023,11.468159851608895,0
B-410218,a467aa0b-1260-41a8-902c-2baf26a353bc,2023-01-18T21:16:17.513Z,2023-01-18T21:29:24.338Z,11.86518166374618,mittel,9.285534051300898,1.0088075225943847,2022,13.11374944473629,0
B-360589,49f1524d-b239-4665-ac2b-ff0c4857f5bb,2023-01-18T21:34:24.338Z,2023-01-18T21:50:08.024Z,7.163268534133937,klein,6.340830996896372,1.0875089830205318,2022,15.728097060823517,0
B-692688,1bd794cb-7aa1-427f-a90d-312c481d9d36,2023-01-18T21:55:08.024Z,2023-01-18T22:02:51.052Z,6.478382376038448,mittel,5.339678861799193,0.9867381229764899,2023,7.71713823936059,0
B-419150,c7d83577-75fc-459d-8302-6366cdeed3fc,2023-01-18T22:07:51.052Z,2023-01-18T22:18:27.100Z,6.94868737085981,groß,5,0.8516859527450527,2023,10.600798382595272,1
B-167957,4325f875-ddb1-4912-9fd9-b55a8afe0cc1,2023-01-18T22:23:27.100Z,2023-01-18T22:35:01.975Z,12.525168206854364,mittel,10.244350969774285,1.0134296790522148,2022,11.581248773376174,0
B-697469,9a5a73d2-465a-43be-bb85-50d96c1464ad,2023-01-18T22:40:01.975Z,2023-01-18T22:54:56.554Z,8.896283708215107,mittel,7.831636757208703,0.9442588906323793,2022,14.909652348293301,1
B-936339,29f0c0dc-75d4-49e8-bafe-4623433cddb1,2023-01-18T22:59:56.554Z,2023-01-18T23:08:40.186Z,15,mittel,9.950058721422522,1.0598455474380677,2024,8.72719396158703,0
B-390477,6806e7bd-a62d-4ea6-a570-a26f5015202d,2023-01-18T23:13:40.186Z,2023-01-18T23:29:32.489Z,8.871504802685223,groß,8.256277907104076,0.8201552607634014,2022,15.871722051361209,0
B-786802,7fc2d9cf-ca06-4f71-ba92-25326f6d851c,2023-01-18T23:34:32.489Z,2023-01-18T23:46:48.792Z,10.369102606394074,klein,7.959027346434187,1.0662765269773375,2023,12.27171180313258,0
B-979263,df3faf7d-b5f7-4cfe-ae5b-a8089f058313,2023-01-18T23:51:48.792Z,2023-01-19T00:03:37.272Z,13.08421990513575,mittel,10.892865857348832,0.9945488290018268,2024,11.807998676532284,0
B-967085,0d95e5e9-e862-49f7-8e37-c56648482d55,2023-01-19T00:08:37.272Z,2023-01-19T00:20:13.505Z,14.012185776318246,mittel,12.406995544699825,1.001718765451323,2024,11.603880473562187,1
B-873250,5b8f2219-0761-4760-a450-2b2f260d20d5,2023-01-19T00:25:13.505Z,2023-01-19T00:36:21.153Z,14.123007153272795,mittel,9.92673202538777,1.008029471658588,2024,11.127473935639943,0
B-514730,16dab3a7-a7a9-4351-988e-15e6f5c785d4,2023-01-19T00:41:21.153Z,2023-01-19T00:55:26.927Z,12.416732461186285,klein,9.223944966521483,1.2,2024,14.096233518538309,0
B-347170,4bd81de3-b8db-4af7-bfe8-e550c80a84b9,2023-01-19T01:00:26.927Z,2023-01-19T01:10:18.705Z,12.048125051622925,mittel,9.349951345422637,0.9881775581632071,2023,9.862958491835123,0
B-708163,8e2a0d37-f103-466a-a814-6ef07b1a94f4,2023-01-19T01:15:18.705Z,2023-01-19T01:28:00.154Z,11.185053898402366,klein,8.164289597597465,1.1440190187815613,2023,12.690828363287707,0
B-106081,c78ea195-5f89-4b24-a2cb-7a6fc0b3605d,2023-01-19T01:33:00.154Z,2023-01-19T01:44:14.053Z,11.556722152333275,mittel,10.98031429770343,0.9448407809383453,2023,11.231636668586049,0
B-405195,6b3fc24f-28fb-4c8a-af5b-22aa84340589,2023-01-19T01:49:14.053Z,2023-01-19T01:59:42.597Z,8.897628567342933,mittel,6.261330760047554,1.0410276751443948,2023,10.475733102971803,0
B-754599,99f190d6-e37f-41d8-8a10-26a20badfdaa,2023-01-19T02:04:42.597Z,2023-01-19T02:21:52.914Z,8.363602233155385,klein,6.135335007037441,1.1592154532039052,2022,17.17195035136779,0
B-372198,1259006a-94ef-416c-b1e5-6c828ad3e451,2023-01-19T02:26:52.914Z,2023-01-19T02:39:43.200Z,9.993251085178096,groß,8.198989899745454,0.8289986136352918,2022,12.83810146950692,1
B-139422,c01211e4-d8f1-45ac-bd3e-0c21c9cc0a75,2023-01-19T02:44:43.200Z,2023-01-19T02:57:56.792Z,9.659630754950143,klein,6.525555077884026,1.0547662653267267,2022,13.226531089322288,1
B-495621,7481bd5e-5bfd-49b6-a4f9-525ad07dd230,2023-01-19T03:02:56.792Z,2023-01-19T03:17:13.325Z,9.09354390134545,groß,6.879154409320097,0.9222206097527543,2022,14.275553561337325,0
B-328700,48a97a5e-649f-4756-b4e5-01af13d6601d,2023-01-19T03:22:13.325Z,2023-01-19T03:31:22.763Z,11.39277489491343,mittel,9.43167317718092,0.9386160017771972,2024,9.157300109362906,0
B-533667,d2fae981-552c-49d4-b3d9-9ebdb80bad53,2023-01-19T03:36:22.763Z,2023-01-19T03:51:53.038Z,11.910610417141022,klein,9.195627929330307,1.1204360995315146,2023,15.504583818244063,1
B-344185,894b6e95-3880-4535-ad6d-029862cf7eed,2023-01-19T03:56:53.038Z,2023-01-19T04:03:51.963Z,10.176813772583694,klein,8.048064159167007,1.1679172255538002,2024,6.982085643009849,1
B-638936,3c087b53-8562-461e-9f3b-733298cd40fe,2023-01-19T04:08:51.963Z,2023-01-19T04:19:19.711Z,12.955060162110524,groß,9.83471601724005,0.8,2023,10.462467179922958,1
B-659458,66bc6ace-091f-46d4-9597-18bcbf67051e,2023-01-19T04:24:19.711Z,2023-01-19T04:35:24.627Z,7.71662177173299,klein,5,1.0753245110873428,2022,11.081936653642199,1
B-915100,6514d01e-9793-47b2-8900-18f73f69a221,2023-01-19T04:40:24.627Z,2023-01-19T04:53:34.434Z,9.612681081440563,klein,8.011738076491689,1.0438026208649667,2022,13.163446729941011,0
B-126770,e4b58038-32ed-4989-b1bc-3911e787149d,2023-01-19T04:58:34.434Z,2023-01-19T05:11:00.680Z,8.56635535879439,mittel,8.608017358682753,1.0360498476452817,2022,12.437436532282975,1
B-486785,7db5e1ca-a5af-4784-9f7c-c92b903712b5,2023-01-19T05:16:00.680Z,2023-01-19T05:27:40.662Z,6.26692676585388,mittel,5.0319430434665415,0.9727406877636839,2022,11.666370518603214,1
B-798771,7f3299a0-a899-40fd-b014-de8f1978b8a8,2023-01-19T05:32:40.662Z,2023-01-19T05:44:39.223Z,9.834638628314602,mittel,8.092975019899232,1.1463635046236664,2022,11.976005310744553,0
B-350759,346d60e0-8c67-4af3-94ed-8a4b3108acdd,2023-01-19T05:49:39.223Z,2023-01-19T05:59:41.860Z,9.756504983233432,klein,8.497926741703605,1.1002822467184563,2022,10.043953952954864,0
B-318981,4d54ec92-23ac-4b25-ad7e-0bad64473466,2023-01-19T06:04:41.860Z,2023-01-19T06:13:42.192Z,13.026899486484261,klein,9.152189092640711,1.1039274488285538,2024,9.005535211031653,0
B-854706,49bb4445-8db1-4284-955b-1c563e4bee93,2023-01-19T06:18:42.192Z,2023-01-19T06:32:09.373Z,11.261623369109556,klein,10.71181335341725,1.1217303514857297,2024,13.45302324467212,0
B-700832,f0a3308c-bd91-475d-97dc-f76637204dee,2023-01-19T06:37:09.373Z,2023-01-19T06:50:32.618Z,7.95162635134159,klein,6.563629877496074,1.1621567327569244,2022,13.38741222507237,0
B-151923,d2280c57-7e76-4e22-880a-55fc7f92f20f,2023-01-19T06:55:32.618Z,2023-01-19T07:10:42.758Z,13.708185132668376,mittel,12.59840500522381,0.9764898330607344,2023,15.168988750314117,0
B-412086,e2b7f6eb-136b-46b8-a247-51024be8718d,2023-01-19T07:15:42.758Z,2023-01-19T07:26:07.955Z,12.442067391050706,mittel,9.220620917316575,1.0306166107001256,2023,10.419965806369584,0
B-730650,8e2a0d37-f103-466a-a814-6ef07b1a94f4,2023-01-19T07:31:07.955Z,2023-01-19T07:44:31.093Z,11.164195406937232,klein,10.74941824810761,1.1010705805005672,2024,13.385630420601846,0
B-496725,c93dd570-9fa3-4903-94db-45bd92e903cf,2023-01-19T07:49:31.093Z,2023-01-19T08:00:57.048Z,9.547031802300337,mittel,8.412780935875054,0.9309204140768209,2023,11.432586543270537,0
B-658351,d4f4077b-8cd5-468c-a0d8-c022a4edaaaa,2023-01-19T08:05:57.048Z,2023-01-19T08:20:19.905Z,8.08112152655304,mittel,7.017937307094791,0.9100892630295446,2023,14.380949970386965,1
B-375189,82f52ba6-810f-4210-bd46-0d30b272e1a0,2023-01-19T08:25:19.905Z,2023-01-19T08:39:22.541Z,9.255586447857894,groß,7.638493612639463,0.8,2023,14.043925553356283,0
B-836382,125c887d-345c-4a9e-82f1-0df0a5801707,2023-01-19T08:44:22.541Z,2023-01-19T08:56:47.886Z,12.177497239408371,groß,9.49346917345225,0.8240965490262472,2024,12.422418798448913,1
B-507708,6806e7bd-a62d-4ea6-a570-a26f5015202d,2023-01-19T09:01:47.886Z,2023-01-19T09:13:07.143Z,13.769172611869218,groß,12.215869747969247,0.8349509843803389,2024,11.320939686668027,1
B-885184,ab9dcd35-6d16-43b4-9e91-35b96083c155,2023-01-19T09:18:07.143Z,2023-01-19T09:32:02.454Z,13.086487056544378,klein,10.609549515083549,1.1184281486258407,2023,13.921864357216522,1
B-635831,8004ee04-abb3-4c59-9e3d-3421f06c35de,2023-01-19T09:37:02.454Z,2023-01-19T09:50:20.083Z,9.022301156427451,klein,5.250771221554809,1.2,2022,13.293809046513132,1
B-103303,66bc6ace-091f-46d4-9597-18bcbf67051e,2023-01-19T09:55:20.083Z,2023-01-19T10:05:57.950Z,7.760765133421978,mittel,5.09142564503058,1.0614015104804067,2024,10.631119195827635,0
B-760610,bead2724-a5ba-40da-b016-80fa1f3cbfea,2023-01-19T10:10:57.950Z,2023-01-19T10:20:18.614Z,10.281772493822407,klein,8.039572242865178,1.133259850627775,2023,9.344402653041138,0
B-412546,dbf0ac9c-e489-4c4a-9f94-9fe9f215bcc5,2023-01-19T10:25:18.614Z,2023-01-19T10:36:43.990Z,6.463121268874296,mittel,5.480495998264993,0.9103039443404018,2022,11.422934198636408,0
B-623716,61eb5283-3339-42b9-8fa5-53e0f3695efd,2023-01-19T10:41:43.990Z,2023-01-19T10:56:45.840Z,10.646335428369563,mittel,8.460479853795754,0.9716647445972474,2024,15.030827630696418,1
B-305918,a0bb8a92-0219-4a04-9e06-3f15e5b085bc,2023-01-19T11:01:45.840Z,2023-01-19T11:16:03.418Z,9.704794827402663,groß,8.982806651715794,0.8200089303041469,2022,14.292974317466076,0
B-253601,95b5cf7f-ec00-4523-86ee-aabdec32080a,2023-01-19T11:21:03.418Z,2023-01-19T11:30:49.939Z,9.067926996263516,groß,5.303239732972188,0.817143251886097,2022,9.77534506065884,0
B-432637,204e225f-78f1-4789-834b-be8021439952,2023-01-19T11:35:49.939Z,2023-01-19T11:45:29.808Z,6.810593865466409,mittel,5.592063028878287,0.9651140548050877,2022,9.664485168200159,1
B-754864,028e5e4f-1ba3-4a35-b485-50e83b5b5617,2023-01-19T11:50:29.808Z,2023-01-19T12:05:02.770Z,11.027200213139434,mittel,7.003780945124393,0.9673268552137596,2024,14.549367699358973,1
B-390990,4c224303-4ce0-4930-b6f2-e2b4c3f9baa2,2023-01-19T12:10:02.770Z,2023-01-19T12:19:46.494Z,8.934598320676177,mittel,7.90739095202511,0.980672919205112,2022,9.728728190484341,1
B-509547,a1bc6e40-b46e-4c43-9702-b76678273b20,2023-01-19T12:24:46.494Z,2023-01-19T12:37:47.609Z,7.6601663285794235,klein,6.0336743484215365,1.118222945059222,2022,13.018590647284016,0
B-172881,4e00e850-c99f-47fa-a1d9-26addb1cfa7d,2023-01-19T12:42:47.609Z,2023-01-19T12:53:33.681Z,4.255475573436701,mittel,5,1.0104161254312796,2024,10.767857569327353,0
B-728887,652bc818-2ffc-4c0a-9c42-8f625f486e72,2023-01-19T12:58:33.681Z,2023-01-19T13:13:47.726Z,9.944970189898727,klein,7.092093191329216,1.168018435795243,2022,15.234089849043364,0
B-305501,de9d60a2-81d2-4eae-8499-6ebb52c5027b,2023-01-19T13:18:47.726Z,2023-01-19T13:29:15.275Z,13.544503193339487,mittel,12.115067486329341,0.9544677456408756,2022,10.459150401724242,0
B-347671,4b89cd92-e2eb-4e7a-a146-1b354fab12b1,2023-01-19T13:34:15.275Z,2023-01-19T13:48:32.479Z,13.32251842909574,mittel,11.699739407335445,1.0635532663003517,2022,14.286723060411656,1
B-442755,d741aeab-deef-4100-9be4-e73273337d42,2023-01-19T13:53:32.479Z,2023-01-19T14:05:54.662Z,9.085807486827456,mittel,7.8521902924738525,0.9509968849079693,2022,12.369717308120729,0
B-602014,fb7aa2e9-04a5-4149-871b-7d530d1c7c9e,2023-01-19T14:10:54.662Z,2023-01-19T14:23:24.925Z,8.79557587927644,mittel,6.906943456557712,0.9191099693092332,2023,12.504389708468574,0
B-863922,5f0e6b0b-b880-487d-9690-ba049ce0d2fe,2023-01-19T14:28:24.925Z,2023-01-19T14:36:28.488Z,10.937548512150048,mittel,9.32989609501517,1.0190389035682526,2024,8.059382837297198,1
B-924438,3cd0a1e6-90b1-4c44-a877-15973721b1af,2023-01-19T14:41:28.488Z,2023-01-19T14:49:04.138Z,8.003229121623416,groß,5.6956907293113845,0.809129593279283,2023,7.594173293588563,0
B-440235,5a84e852-f6fa-4d6e-84a5-8bd58646dbb9,2023-01-19T14:54:04.138Z,2023-01-19T15:05:37.671Z,10.603583799638931,klein,9.338422698731858,1.1660645735378694,2024,11.558868119465371,1
B-420868,68479270-eb32-4843-aaff-c8be0208ec27,2023-01-19T15:10:37.671Z,2023-01-19T15:23:07.299Z,11.53216055676938,mittel,10.875209339739424,0.8798165699449735,2024,12.493812126833223,1
B-383878,76e33ff6-bf77-4345-8356-25e9603b5a5d,2023-01-19T15:28:07.299Z,2023-01-19T15:37:52.276Z,12.453866447768615,mittel,11.03370371819408,1.0696227970741534,2024,9.749604344524553,1
B-244706,90d752b3-0ee0-40f8-ae58-acdb7d787682,2023-01-19T15:42:52.276Z,2023-01-19T15:52:41.632Z,9.799691847040094,mittel,7.110151007824666,1.0336146704020202,2022,9.822613179047316,0
B-540059,49bb4445-8db1-4284-955b-1c563e4bee93,2023-01-19T15:57:41.632Z,2023-01-19T16:10:49.009Z,9.592652499646068,groß,8.035539316989958,0.8,2022,13.122945259652266,0
B-788545,f7a62dfe-4147-4251-afa3-57654dba4253,2023-01-19T16:15:49.009Z,2023-01-19T16:28:56.552Z,8.244034826486878,klein,5.302086317430856,1.0760611438076857,2022,13.125708960914261,1
B-936463,44cc12fc-f67b-40bc-a884-1d9f8664438d,2023-01-19T16:33:56.552Z,2023-01-19T16:45:40.023Z,8.34623929192028,mittel,7.249381744711901,1.0836132952048765,2022,11.724517879224146,1
B-602926,c7761626-ddff-4437-8836-9f59fe2fbf2b,2023-01-01T08:00:00.000Z,2023-01-01T08:11:33.597Z,10.993428306022466,mittel,8.568263752916446,1.0377366649033906,2024,11.559963944680652,1
B-558710,416fc6d7-1ff2-460d-b3a1-d168edcb27b2,2023-01-01T08:16:33.597Z,2023-01-01T08:28:18.309Z,9.723471397657631,mittel,8.146142624942284,1.0099711992993383,2022,11.74518625522008,0
B-193220,584bdd27-38db-474f-a4f6-50499abb8a40,2023-01-01T08:33:18.309Z,2023-01-01T08:45:30.626Z,11.295377076201385,mittel,9.949886287194357,1.0236519141080107,2024,12.205291057079329,0
B-287388,24e7462c-308a-4730-846c-095a2cb9c287,2023-01-01T08:50:30.626Z,2023-01-01T09:01:54.890Z,13.046059712816051,klein,9.633668819572497,1.1177213963982302,2024,11.40440768755208,1
B-247227,c782be15-9fec-445a-bd0e-ef8144fdcdce,2023-01-01T09:06:54.890Z,2023-01-01T09:20:10.877Z,9.531693250553328,klein,9.118043169402185,1.0669458292216412,2024,13.266450620230188,1
B-328745,b887e966-e0f3-41a5-8d39-bda3e643842c,2023-01-01T09:25:10.877Z,2023-01-01T09:36:24.362Z,9.531726086101639,mittel,7.354257267838743,1.0251626032374752,2022,11.224740334673507,0
B-287553,1931e795-d214-4276-bd56-608f10fb4aa1,2023-01-01T09:41:24.362Z,2023-01-01T09:49:32.166Z,13.158425631014783,mittel,10.50537321046339,0.8968298423760273,2024,8.130071765519059,1
B-315750,40fadd1b-cf79-4e3e-9466-1d9e1afccb94,2023-01-01T09:54:32.166Z,2023-01-01T10:06:14.243Z,11.534869458305817,groß,8.48068388749683,0.8341324753878733,2024,11.701277008700718,1
B-222207,0c720f88-694d-4f94-94b6-01338a5489fa,2023-01-01T10:11:14.243Z,2023-01-01T10:18:30.146Z,9.061051228130095,klein,5,1.1970590933209984,2023,7.265044693253444,0
B-346923,14a0d85b-49a9-4e11-b32c-436f625f9c69,2023-01-01T10:23:30.146Z,2023-01-01T10:36:12.598Z,11.08512008717193,mittel,9.752141466098594,1.0095948867936517,2023,12.70754126178278,0
B-560476,1259006a-94ef-416c-b1e5-6c828ad3e451,2023-01-01T10:41:12.598Z,2023-01-01T10:51:15.082Z,9.073164614375075,klein,7.995375588592494,1.2,2023,10.04139953943473,0
B-428613,1bd794cb-7aa1-427f-a90d-312c481d9d36,2023-01-01T10:56:15.082Z,2023-01-01T11:08:34.685Z,9.068540492859487,klein,6.973504837169377,1.2,2022,12.326720709831601,0
B-905908,f5580809-d4a4-437a-a2a4-cfb7642b2132,2023-01-01T11:13:34.685Z,2023-01-01T11:28:12.374Z,10.48392454313207,mittel,8.454130351730528,0.9673050805837212,2023,14.628149963049209,1
B-902583,73a8d3b5-bff6-4699-bdf8-4c0b53109e7c,2023-01-01T11:33:12.374Z,2023-01-01T11:43:18.524Z,6.173439510684404,mittel,5.454690826251623,1.0013656689925718,2022,10.102502609464,0
B-495632,544a1fa9-eb70-4577-8bf9-77c736133c91,2023-01-01T11:48:18.524Z,2023-01-01T12:02:25.875Z,6.5501643349739345,klein,5,1.1476314648727781,2023,14.122512517024235,0
B-630865,36a167b0-29b9-4c23-aeb7-7dbf93bff693,2023-01-01T12:07:25.875Z,2023-01-01T12:18:33.868Z,8.875424941518055,klein,6.5712872758681495,1.0708911618326935,2022,11.133220866627694,1
B-571819,f951daae-0651-4b48-b0fc-bd915a33c811,2023-01-01T12:23:33.868Z,2023-01-01T12:39:04.252Z,7.974337759331153,klein,7.17373488708675,1.1029800541757822,2022,15.50638960413117,0
B-567876,24e7462c-308a-4730-846c-095a2cb9c287,2023-01-01T12:44:04.252Z,2023-01-01T12:55:20.433Z,10.628494665190548,groß,7.24850630898319,0.821961954651007,2024,11.269694773603574,1
B-517918,4c224303-4ce0-4930-b6f2-e2b4c3f9baa2,2023-01-01T13:00:20.433Z,2023-01-01T13:10:39.574Z,8.183951848957578,groß,6.840719411332692,0.8,2023,10.319014028986617,1
B-154339,c36edc36-c1d5-433f-b547-7a0e134c9ac6,2023-01-01T13:15:39.574Z,2023-01-01T13:29:02.043Z,7.175392597329417,klein,5,1.1523746734125822,2022,13.374476900790576,1
B-598875,0d95e5e9-e862-49f7-8e37-c56648482d55,2023-01-01T13:34:02.043Z,2023-01-01T13:45:09.748Z,12.931297537843108,klein,10.811468012708014,1.1375464077673478,2023,11.128420540752728,1
B-720053,40fadd1b-cf79-4e3e-9466-1d9e1afccb94,2023-01-01T13:50:09.748Z,2023-01-01T14:00:28.774Z,9.548447399026928,groß,7.60311643692406,0.8,2022,10.317100971741983,0
B-544281,4e362a5a-c75b-488c-b335-f96088493ceb,2023-01-01T14:05:28.774Z,2023-01-01T14:16:31.433Z,10.135056409375848,groß,6.49291331159517,0.8702106432638665,2024,11.044320298592417,0
B-718298,80f65459-2a70-402b-ac15-55fcf0888544,2023-01-01T14:21:31.433Z,2023-01-01T14:33:26.081Z,7.150503627573086,mittel,6.885142256515641,1.035793637234548,2022,11.910786935633997,0
B-567170,127d12c4-6533-4b19-84ce-28e6324cc02f,2023-01-01T14:38:26.081Z,2023-01-01T14:53:07.142Z,8.911234550949635,klein,6.394396063961659,1.1613517239432443,2022,14.684360262489708,0
B-924361,fddb4be5-9d42-4054-a819-ce70c5a24c1d,2023-01-01T14:58:07.142Z,2023-01-01T15:06:15.052Z,10.221845179419732,klein,7.367223706521405,1.1337965912395513,2024,8.131824509080847,0
B-767819,7db89654-32b4-401e-be29-4c6c2190ea64,2023-01-01T15:11:15.052Z,2023-01-01T15:23:17.821Z,7.698012845155395,mittel,6.358979473355259,1.0295721075875928,2022,12.046161317900841,0
B-291703,8459a7c6-7bea-4d67-b15a-926fef2fd2bf,2023-01-01T15:28:17.821Z,2023-01-01T15:41:32.810Z,10.751396036691343,mittel,9.749754178781789,1.0340110180238347,2023,13.249807189308086,1
B-704154,a09d9014-4924-4799-a40a-e8f2fe42ff36,2023-01-01T15:46:32.810Z,2023-01-01T15:58:56.024Z,8.79872262016239,klein,6.023156277151516,1.1653701784859842,2022,12.386897149983593,1
B-848759,1259006a-94ef-416c-b1e5-6c828ad3e451,2023-01-01T16:03:56.024Z,2023-01-01T16:18:33.207Z,9.416612500413446,mittel,7.594969850178729,0.9587693874782619,2024,14.619730338867068,0
B-789653,553ab122-1542-46f6-8683-90f24348adc5,2023-01-01T16:23:33.207Z,2023-01-01T16:35:24.286Z,8.796586775541206,klein,7.466085920763538,1.1638300382755589,2022,11.85130934048295,0
B-755603,c30e4af7-cb7f-44d8-8a63-7df97c0518f7,2023-01-01T16:40:24.286Z,2023-01-01T16:52:02.140Z,13.704556369017876,mittel,11.656750702477446,1.059774032541274,2023,11.630897115628109,0
B-759325,49bb4445-8db1-4284-955b-1c563e4bee93,2023-01-01T16:57:02.140Z,2023-01-01T17:10:13.219Z,9.973005550524132,mittel,8.154845995696531,0.9701685470694135,2022,13.184659094026687,1
B-324237,5f0e6b0b-b880-487d-9690-ba049ce0d2fe,2023-01-01T17:15:13.219Z,2023-01-01T17:27:25.137Z,7.884578142088199,klein,5.940634674587238,1.2,2022,12.198627629902699,0
B-611971,3f944e86-102e-4df8-8858-5b538369aa90,2023-01-01T17:32:25.137Z,2023-01-01T17:43:38.288Z,11.645089824206378,mittel,8.488481638716383,0.9737184533007308,2024,11.219182523439057,0
B-673641,16388aac-712b-4253-a8f2-974eb3d13006,2023-01-01T17:48:38.288Z,2023-01-01T18:01:40.225Z,7.5583127000579555,mittel,6.13279404309274,1.0016203506670067,2022,13.032288079172758,0
B-990434,3c72cbb1-7709-4a61-801d-822750b23aa7,2023-01-01T18:06:40.225Z,2023-01-01T18:17:21.922Z,10.417727190009511,groß,7.262042740022002,0.8163757201996832,2023,10.69494341356671,0
B-597992,fb7aa2e9-04a5-4149-871b-7d530d1c7c9e,2023-01-01T18:22:21.922Z,2023-01-01T18:33:08.581Z,6.080659752240448,mittel,5,1.011163541796013,2022,10.777645695961345,1
B-933469,48a97a5e-649f-4756-b4e5-01af13d6601d,2023-01-01T18:38:08.581Z,2023-01-01T18:49:05.221Z,7.3436279022031385,klein,6.311462125920179,1.0628889153682362,2022,10.944011956468772,0
B-416772,54a46e35-a664-4af6-ae30-383ff929b0ea,2023-01-01T18:54:05.221Z,2023-01-01T19:08:47.590Z,10.393722471738247,mittel,9.218912818476793,0.972697910059164,2023,14.706138320332816,0
B-182546,1753c22a-4a6f-4e3c-8638-006d3d2e783f,2023-01-01T19:13:47.590Z,2023-01-01T19:19:21.068Z,11.476933159990821,klein,6.818614092450819,1.0953939399825716,2024,5.557967288028573,1
B-695795,66017912-a87e-4e74-9827-e3863edf2d41,2023-01-01T19:24:21.068Z,2023-01-01T19:37:08.540Z,10.34273656237994,groß,7.264458545194016,0.8567669173946145,2023,12.791197669525884,1
B-528435,621f25f8-61ee-4d5d-925c-1f17843b0642,2023-01-01T19:42:08.540Z,2023-01-01T19:54:12.652Z,9.76870343522352,mittel,8.434117009184014,1.0497223687754453,2022,12.068543628400445,1
B-849250,f5580809-d4a4-437a-a2a4-cfb7642b2132,2023-01-01T19:59:12.652Z,2023-01-01T20:07:50.948Z,9.397792608821423,mittel,9.575729556768836,1.0323003093557275,2023,8.63825908152376,0
B-844782,1db4cd7e-dc4a-4171-a3de-8651c72a865b,2023-01-01T20:12:50.948Z,2023-01-01T20:25:28.115Z,7.042956019265145,klein,5.6551585230875245,1.0314170319570553,2022,12.619453558272005,0
B-193745,9cfb237d-2c4c-4165-97d9-a5f99ade621c,2023-01-01T20:30:28.115Z,2023-01-01T20:43:25.205Z,8.560311583210582,mittel,6.120246325339331,1.102103482646394,2022,12.951503983663065,0
B-230448,223d56c7-e21c-46c3-8b7c-247d9e2ea7a2,2023-01-01T20:48:25.205Z,2023-01-01T21:01:35.962Z,9.078722458080424,groß,7.0800815253595,0.8647639970310435,2022,13.1792784627148,0
B-305160,f51697cd-1291-4d48-961d-1d5d1dfa057d,2023-01-01T21:06:35.962Z,2023-01-01T21:13:17.742Z,12.11424445243783,groß,11.066271981098451,0.8111750429753499,2022,6.696343873910102,0
B-847314,76e33ff6-bf77-4345-8356-25e9603b5a5d,2023-01-01T21:18:17.742Z,2023-01-01T21:33:01.709Z,10.687236579136922,klein,7.903825084185003,1.157856395949547,2024,14.732778823708877,0
B-291667,d1690185-e211-48a1-a89e-730225ba095f,2023-01-01T21:38:01.709Z,2023-01-01T21:48:33.181Z,6.473919689274532,klein,5,1.1588094911251345,2022,10.524526590630318,0
B-554683,e95d8de0-42e8-4a31-9456-fc62e188a032,2023-01-01T21:53:33.181Z,2023-01-01T22:06:55.569Z,10.648167938789591,groß,8.035790828849642,0.8166575641524217,2023,13.373135493506352,1
B-962443,f5580809-d4a4-437a-a2a4-cfb7642b2132,2023-01-01T22:11:55.569Z,2023-01-01T22:25:24.498Z,9.229835439167367,groß,6.430539743075181,0.8598958333671037,2024,13.482147561364572,0
B-473377,8920325f-9ed9-4a91-9b48-a4860b992c66,2023-01-01T22:30:24.498Z,2023-01-01T22:40:39.294Z,8.646155999388082,klein,7.039595115505262,1.1196263856189845,2023,10.246605828761414,1
B-993628,ab3791a0-9e23-475e-a71d-7daaa91dc2aa,2023-01-01T22:45:39.294Z,2023-01-01T22:58:58.549Z,11.223352577681736,mittel,10.603360520614949,0.9797819003654988,2022,13.3209199047031,0
B-133971,4d54ec92-23ac-4b25-ad7e-0bad64473466,2023-01-01T23:03:58.549Z,2023-01-01T23:15:12.290Z,12.061999044991902,mittel,9.972678509109551,0.9656860432122458,2024,11.229013518175284,0
B-656036,16161860-fa54-4c37-86f0-2d63142451d3,2023-01-01T23:20:12.290Z,2023-01-01T23:28:03.725Z,11.862560238232398,groß,9.23769468845963,0.8,2024,7.8572456413236855,0
B-515235,c23244c7-81f1-4a0c-8edf-6d3ed5448246,2023-01-01T23:33:03.725Z,2023-01-01T23:47:23.854Z,8.321564953554724,klein,6.365440693928235,1.1572918235107692,2023,14.335483851055558,1
B-465171,151e1cb1-fb24-4ba6-b6de-1d409930fef6,2023-01-01T23:52:23.854Z,2023-01-02T00:02:50.849Z,9.38157524829757,klein,5.9420693899414,1.1792649718258168,2023,10.449910073967521,0
B-654018,6638c56c-0a7c-4bf7-b60a-ee6b140d819b,2023-01-02T00:07:50.849Z,2023-01-02T00:18:08.309Z,10.662526862807129,mittel,9.413131267392862,1.0257441798038187,2024,10.291013074523892,1
B-780231,8e2a0d37-f103-466a-a814-6ef07b1a94f4,2023-01-02T00:23:08.309Z,2023-01-02T00:34:19.941Z,11.951090254244718,klein,9.483035006382973,1.1909962626317616,2024,11.193868263926555,0
B-177383,b43019f7-1091-4580-97fc-cec73c918888,2023-01-02T00:39:19.941Z,2023-01-02T00:51:52.610Z,9.04165152430942,mittel,7.052841305856911,1.0162170105007433,2023,12.544473450654776,1
B-212745,1bae2652-e1f5-4dc2-a510-836da2c3ba7b,2023-01-02T00:56:52.610Z,2023-01-02T01:08:45.737Z,9.628682046672365,mittel,10.896053205182753,0.9733637250891548,2022,11.885459178355795,0
B-903717,9f615f95-920e-4c49-900a-a6e84fd1656d,2023-01-02T01:13:45.737Z,2023-01-02T01:26:51.505Z,7.787330051987944,mittel,6.528616949956041,1.0419831932215595,2022,13.096133849414342,1
B-434803,f951daae-0651-4b48-b0fc-bd915a33c811,2023-01-02T01:31:51.505Z,2023-01-02T01:41:10.767Z,7.607586751838658,mittel,5.334278351375742,0.9321241230079033,2022,9.321021266942683,0
B-449204,067dc0fa-c66a-4611-a5a0-b12b0ebd9bed,2023-01-02T01:46:10.767Z,2023-01-02T01:56:41.680Z,11.625051644788396,mittel,8.873683719625173,0.9549664308743759,2024,10.51522725913853,1
B-130278,d9a4fd91-bf70-4567-85fe-77c278918a90,2023-01-02T02:01:41.680Z,2023-01-02T02:13:27.761Z,12.712480057141645,klein,11.318429754910072,1.1017899964288376,2023,11.768005855356932,0
B-640940,a1706f49-a2e7-45ba-b625-4a939c5c2e56,2023-01-02T02:18:27.761Z,2023-01-02T02:34:15.507Z,9.855979756839332,mittel,7.998054216009231,1.0540028029569655,2022,15.79577458531741,0
B-529914,36a167b0-29b9-4c23-aeb7-7dbf93bff693,2023-01-02T02:39:15.507Z,2023-01-02T02:51:01.850Z,12.007065795784047,groß,8.167374658309873,0.8971394257070038,2023,11.772374923172483,1
B-176682,26f5597a-9a03-4179-b42d-268a38e4efdb,2023-01-02T02:56:01.850Z,2023-01-02T03:10:12.076Z,10.723272050095268,mittel,9.497846574651419,1.0243652618522496,2024,14.170444527323262,0
B-873804,99f190d6-e37f-41d8-8a10-26a20badfdaa,2023-01-02T03:15:12.076Z,2023-01-02T03:27:16.703Z,8.709760490789751,klein,6.299664307092808,1.2,2022,12.077110337568636,0
B-325969,8c038e76-19d0-41ca-8cc4-caa59f682ae2,2023-01-02T03:32:16.703Z,2023-01-02T03:43:18.664Z,10.722791211016828,klein,10.45153074503101,1.1060358608794005,2023,11.032682725124863,1
B-869044,54a46e35-a664-4af6-ae30-383ff929b0ea,2023-01-02T03:48:18.664Z,2023-01-02T03:59:49.057Z,13.076073132931938,klein,11.540906572060202,1.1674297559930489,2024,11.506551151771118,0
B-542699,c607a213-0491-4431-8069-605b33a5f72c,2023-01-02T04:04:49.057Z,2023-01-02T04:16:28.847Z,9.928347921780096,mittel,7.495356441765326,0.9937412785808418,2022,11.663160575942237,0
B-281201,7359afcd-9273-4ad5-b7ea-2e6aadf76421,2023-01-02T04:21:28.847Z,2023-01-02T04:34:41.284Z,13.129287311628012,mittel,11.784446211037523,1.0423441051942457,2024,13.207291477921476,0
B-163455,2466c685-cabe-4822-be1c-cd46258370fe,2023-01-02T04:39:41.284Z,2023-01-02T04:54:26.237Z,4.760509791820511,mittel,5,0.9942387883723901,2022,14.749222535153109,1
B-943564,8924ac6a-de65-45cd-b1fd-a43a30902a1d,2023-01-02T04:59:26.237Z,2023-01-02T05:12:09.399Z,11.643805008750448,klein,10.167817682122578,1.130752855579496,2024,12.719361695372642,0
B-995988,24e7462c-308a-4730-846c-095a2cb9c287,2023-01-02T05:17:09.399Z,2023-01-02T05:31:31.848Z,10.174094136476343,klein,8.62400812647555,1.1770454259280494,2023,14.374155357483511,0
B-890413,d3ac193c-502c-49a9-8047-81451cee118c,2023-01-02T05:36:31.848Z,2023-01-02T05:46:36.074Z,9.401985299068265,mittel,6.675231584263739,1.0438084583595617,2023,10.070420524740628,1
B-309992,4b89cd92-e2eb-4e7a-a146-1b354fab12b1,2023-01-02T05:51:36.074Z,2023-01-02T06:02:46.318Z,10.183521553071005,mittel,7.503267410139341,0.9665827402576599,2023,11.170738982371939,1
B-946185,1bd794cb-7aa1-427f-a90d-312c481d9d36,2023-01-02T06:07:46.318Z,2023-01-02T06:18:19.402Z,6.024862170798214,klein,5.849850554219733,1.1469462164323811,2022,10.551394931584667,1
B-374848,01f99182-f9ac-4b89-873b-2cbbe3d5c53f,2023-01-02T06:23:19.402Z,2023-01-02T06:35:57.135Z,9.560656224324976,mittel,7.313749647353441,0.9470779683179174,2022,12.628889181749706,1
B-467912,606eb0fb-17a8-41a1-86c5-080fb8e539fd,2023-01-02T06:40:57.135Z,2023-01-02T06:52:14.060Z,10.714225143023492,klein,8.167731651176798,1.025096949125353,2024,11.282083229641172,0
B-204596,7bf37c03-a7c8-4076-b858-1449fa711b8a,2023-01-02T06:57:14.060Z,2023-01-02T07:10:41.633Z,12.955788089483033,groß,9.409507892237073,0.8600229815706865,2024,13.459545874068391,0
B-368665,56b3fe5d-1583-4c55-90f0-768e06b108d2,2023-01-02T07:15:41.633Z,2023-01-02T07:25:49.913Z,8.963459563452705,groß,7.594366716355625,0.8804452678127316,2022,10.137996576735118,0
B-269193,7f3299a0-a899-40fd-b014-de8f1978b8a8,2023-01-02T07:30:49.913Z,2023-01-02T07:42:55.076Z,8.383012794213625,klein,8.768935154614045,1.1631033404543363,2022,12.086061946642563,1
B-116468,13bb617e-8b82-4ff3-bbb8-092b98d9a595,2023-01-02T07:47:55.076Z,2023-01-02T08:01:17.499Z,8.996485912830927,klein,6.129655816010469,1.0525219141122815,2024,13.373715822024511,1
B-346349,5b9f4a77-bb53-4bfe-a050-125399690d25,2023-01-02T08:06:17.499Z,2023-01-02T08:14:09.663Z,11.830804235404148,mittel,9.488862844996078,0.9824575284961763,2024,7.869394449918779,1
B-667676,e4b58038-32ed-4989-b1bc-3911e787149d,2023-01-02T08:19:09.663Z,2023-01-02T08:35:24.259Z,10.657502219319369,klein,9.938222330870925,1.039082611997446,2024,16.243262614660406,0
B-283933,8004ee04-abb3-4c59-9e3d-3421f06c35de,2023-01-02T08:40:24.259Z,2023-01-02T08:51:50.280Z,8.940479592465923,mittel,7.072742282727024,1.0684850553827092,2023,11.43369623024025,0
B-355420,618b4a6a-a5e6-4527-808b-e121d7b831c9,2023-01-02T08:56:50.280Z,2023-01-02T09:04:47.276Z,11.026534866226712,groß,9.273599689231103,0.8,2024,7.949920172647654,0
B-383772,f04cd2f0-b6ec-4091-af44-9943ac8ebddc,2023-01-02T09:09:47.276Z,2023-01-02T09:22:06.247Z,10.194155098696081,mittel,7.092930550809985,1.0627701804729948,2023,12.316187797153573,0
B-644092,d076ce09-1e5d-4e1c-8b29-f9ee9bc1e547,2023-01-02T09:27:06.247Z,2023-01-02T09:39:10.260Z,11.937289981065778,groß,9.97813908206027,0.8972934821842072,2023,12.066886935946302,1
B-508714,0fbbd5cd-f156-42eb-a19f-3b3517774fd5,2023-01-02T09:44:10.260Z,2023-01-02T09:56:00.433Z,8.595893812245295,mittel,6.689570784791687,0.9549704823731969,2024,11.836211240855015,0
B-152540,ffa8cb77-6473-4076-8d6c-b1b263535085,2023-01-02T10:01:00.433Z,2023-01-02T10:14:59.376Z,9.344675706804464,klein,8.461470561123434,1.0933607524366127,2022,13.982382225853332,0
B-556544,6c4f7817-26d7-4b65-87a0-90039994dd23,2023-01-02T10:19:59.376Z,2023-01-02T10:33:29.069Z,9.215783693735684,mittel,8.560013006553298,1.017518510819317,2023,13.494889942854112,1
B-802959,f8ad80c1-ad53-4039-a458-6f03d4677186,2023-01-02T10:38:29.069Z,2023-01-02T10:51:04.814Z,7.072970103735763,mittel,8.247939725007225,0.9577837981408465,2022,12.59575238204769,0
B-879417,29f0c0dc-75d4-49e8-bafe-4623433cddb1,2023-01-02T10:56:04.814Z,2023-01-02T11:08:58.833Z,10.592240554129152,mittel,9.053425616516899,1.0051242321079104,2023,12.900311267893295,0
B-831314,5120634b-ae05-4418-9f8c-bc7926ee4b93,2023-01-02T11:13:58.833Z,2023-01-02T11:25:46.310Z,10.522110544359778,klein,8.74348475206999,1.125858620459654,2024,11.791283101123827,0
B-960117,d0f9e939-f2b2-4200-833e-4acb5e607f29,2023-01-02T11:30:46.310Z,2023-01-02T11:46:19.369Z,10.010226913284923,klein,8.202565832205275,1.0609420792767184,2024,15.550981698480097,1
B-614218,f04cd2f0-b6ec-4091-af44-9943ac8ebddc,2023-01-02T11:51:19.369Z,2023-01-02T12:00:21.865Z,9.530825733249706,groß,7.271494293789077,0.8,2022,9.041607963284466,1
B-733218,ab0aecc3-6dc3-4f95-8456-a4bd58ce2846,2023-01-02T12:05:21.865Z,2023-01-02T12:17:38.624Z,7.1692585158991715,klein,6.073890656181028,1.1613342124247297,2022,12.279303348431792,0
B-684134,652bc818-2ffc-4c0a-9c42-8f625f486e72,2023-01-02T12:22:38.624Z,2023-01-02T12:34:46.427Z,9.158709354469282,groß,7.031566073436397,0.8219221126834687,2023,12.130049262377561,0
B-496776,7e0135c5-ac8b-41d4-9b21-8058c121f118,2023-01-02T12:39:46.427Z,2023-01-02T12:53:24.020Z,9.31457096694646,groß,7.6201177498267825,0.8223455091542934,2023,13.626560812129187,0
B-473880,49cdebeb-1e25-4e88-8c3c-def979bd2d3e,2023-01-02T12:58:24.020Z,2023-01-02T13:08:42.758Z,8.395445461556761,mittel,8.03395390485337,1.0347931919546893,2023,10.312292245150202,0
B-163140,adc5ecd1-1c92-41a9-9e58-92999768aeb6,2023-01-02T13:13:42.758Z,2023-01-02T13:22:13.517Z,9.677428576667982,mittel,6.7354002960547446,1.0586721138316222,2022,8.512654795206927,0
B-517000,66887550-327b-4bf7-8687-671250a7d8bd,2023-01-02T13:27:13.517Z,2023-01-02T13:39:32.336Z,10.808101713629076,mittel,9.786359932032306,0.9863727639319095,2023,12.313646032196386,0
B-522264,ebdafc53-eb36-4c65-8d0c-ee8d3627828a,2023-01-02T13:44:32.336Z,2023-01-02T13:57:06.083Z,13.77237180242106,groß,12.335012509276714,0.8329700646545068,2024,12.562460984437209,0
B-213417,795ca9e8-dd20-4656-98ff-8be7ec1748e2,2023-01-02T14:02:06.083Z,2023-01-02T14:17:04.835Z,10.349155625663679,klein,8.161255973539864,1.1750071516556941,2023,14.979198818895298,1
B-618327,5d5619d2-37db-41ca-a2b2-9b83a1d142a3,2023-01-02T14:22:04.835Z,2023-01-02T14:31:32.392Z,10.515100781445529,mittel,6.290225726147829,0.9321532215150212,2022,9.459275907349827,0
B-334601,5d5619d2-37db-41ca-a2b2-9b83a1d142a3,2023-01-02T14:36:32.392Z,2023-01-02T14:50:50.955Z,9.851108168467665,mittel,7.2730645476797,1.011157652737385,2022,14.30938753343344,0
B-641499,3dc602fd-76fa-4371-90f9-60e682762a3a,2023-01-02T14:55:50.955Z,2023-01-02T15:12:35.045Z,6.1624575694019175,mittel,6.226960602082643,1.0275942985911077,2023,16.734828728054243,0
B-473818,7e80404e-52db-4979-80cf-34365c4c6088,2023-01-02T15:17:35.045Z,2023-01-02T15:28:49.713Z,9.946972249101567,mittel,7.934709736982371,1.0340115104208814,2022,11.244470224955046,0
B-625035,0a4ba9d2-309a-4214-a508-6aa8c0e1aaee,2023-01-02T15:33:49.713Z,2023-01-02T15:43:14.800Z,10.120460419882052,mittel,7.097066103610732,0.9031623648748768,2024,9.418115561013552,0
B-948849,7602ca75-aecb-43fb-957b-059d0ea0ce6f,2023-01-02T15:48:14.800Z,2023-01-02T15:59:25.963Z,14.926484224970572,mittel,11.436412458748242,0.961932236509553,2024,11.186051267253259,0
B-626208,177dc12e-606d-47b2-802a-f5d1c09d8979,2023-01-02T16:04:25.963Z,2023-01-02T16:16:27.644Z,9.615278070437755,groß,8.532842482854758,0.8060868373588267,2022,12.028009934742762,1
B-540796,894b6e95-3880-4535-ad6d-029862cf7eed,2023-01-02T16:21:27.644Z,2023-01-02T16:34:35.298Z,10.603094684667225,klein,9.029209315935159,1.1549943477204605,2023,13.127575750013829,1
B-108847,e775e0a2-8027-4b7f-a9ae-8959f5c293f7,2023-01-02T16:39:35.298Z,2023-01-02T16:50:24.331Z,9.930576460589513,groß,7.705529069301917,0.8740372289883992,2022,10.817210540323906,1
B-326898,4d2ed807-db6e-4e52-9395-d4f0da96c0c0,2023-01-02T16:55:24.331Z,2023-01-02T17:10:30.955Z,7.6626439247609355,mittel,5.763290727994061,1.074835520372299,2022,15.110397068294684,0
B-948907,ab65fb82-0c56-4c9d-afaf-2f915eb1f6ec,2023-01-02T17:15:30.955Z,2023-01-02T17:25:17.211Z,12.285645629030041,groß,9.436758354180212,0.8252517259815964,2024,9.770935369983876,1
B-360154,68f574e3-205c-4fed-a678-18c0a8270594,2023-01-02T17:30:17.211Z,2023-01-02T17:38:48.506Z,11.503866065373549,mittel,8.280682667800336,0.9751213750845393,2023,8.5215896956544,0
B-397661,e74c33e0-b6ae-4e95-bca2-5ce5ff24156b,2023-01-02T17:43:48.506Z,2023-01-02T17:58:01.311Z,11.582063894086094,mittel,10.881026804738317,1.0574836009439375,2022,14.213420848574636,1
B-527784,dbf0ac9c-e489-4c4a-9f94-9fe9f215bcc5,2023-01-02T18:03:01.311Z,2023-01-02T18:10:28.357Z,8.181225090410521,klein,6.222659603117078,1.1648288469265151,2023,7.450757937587601,0
B-994461,8b69faf0-9834-4036-a7de-a357681e6712,2023-01-02T18:15:28.357Z,2023-01-02T18:27:03.861Z,12.805588621872198,groß,11.461629418323255,0.9133825755593987,2023,11.591740462254567,0
B-887348,19d2ec8d-2e9e-4d21-bfb2-d0094ba1edc8,2023-01-02T18:32:03.861Z,2023-01-02T18:50:17.983Z,7.196297874415438,klein,7.2783543514548015,1.1644364001504917,2022,18.235362258416096,0
B-322858,a1706f49-a2e7-45ba-b625-4a939c5c2e56,2023-01-02T18:55:17.983Z,2023-01-02T19:07:16.538Z,11.17371418760054,groß,9.937282248228392,0.8,2024,11.975912894080137,1
B-877312,8043189a-0444-4dbd-b734-938440b16ac9,2023-01-02T19:12:16.538Z,2023-01-02T19:22:02.046Z,14.380911251619956,groß,11.073108688577918,0.8,2024,9.7584646986075,1
B-866632,8ed99789-8c35-4069-9bfb-cd4000879cd6,2023-01-02T19:27:02.046Z,2023-01-02T19:38:55.158Z,8.018927349738624,klein,6.818871970127509,1.0724243875470534,2022,11.885205072426412,1
B-527958,621f25f8-61ee-4d5d-925c-1f17843b0642,2023-01-02T19:43:55.158Z,2023-01-02T19:55:49.062Z,8.867404540794457,klein,7.06972802624465,1.1831025917379236,2023,11.898398422760932,0
B-677255,99a3ef5c-7867-4ee0-b5fc-fbf524f42c67,2023-01-02T20:00:49.062Z,2023-01-02T20:13:08.340Z,10.199302730175283,mittel,7.255740323410099,1.0594298411543503,2024,12.321299880706233,0
B-341146,30409a1f-e7dd-431c-918b-665a4d8b6906,2023-01-02T20:18:08.340Z,2023-01-02T20:31:27.811Z,8.993048691767601,klein,7.518798235135685,1.2,2023,13.324525964319239,1
B-550445,c36edc36-c1d5-433f-b547-7a0e134c9ac6,2023-01-02T20:36:27.811Z,2023-01-02T20:46:23.118Z,6.898673137867735,groß,5,0.892155266616162,2022,9.921777663264521,0
B-714184,66887550-327b-4bf7-8687-671250a7d8bd,2023-01-02T20:51:23.118Z,2023-01-02T21:06:45.624Z,10.137125949612054,klein,9.297380148151207,1.2,2024,15.375096110473587,1
B-804389,c782be15-9fec-445a-bd0e-ef8144fdcdce,2023-01-02T21:11:45.624Z,2023-01-02T21:24:15.038Z,7.87539257254779,klein,5.83569676073984,1.1209991833673156,2022,12.490228568745236,0
B-200408,8924ac6a-de65-45cd-b1fd-a43a30902a1d,2023-01-02T21:29:15.038Z,2023-01-02T21:42:42.253Z,10.947184861270363,groß,8.958907544889131,0.8,2023,13.453588092803608,0
B-624894,41a937f4-b37a-40dc-aa92-765cbfae21d0,2023-01-02T21:47:42.253Z,2023-01-02T21:58:26.875Z,8.161151531532393,mittel,6.812209096772057,1.0425039666208777,2023,10.743701200488715,1
B-706821,53c8ec47-befb-486d-8055-f8bfbf757cdd,2023-01-02T22:03:26.875Z,2023-01-02T22:18:01.241Z,13.09986881003508,groß,10.220990074323987,0.87088403761197,2023,14.572764273991067,0
B-125387,f35dd2ea-8529-4b2b-a7f9-db4719674050,2023-01-02T22:23:01.241Z,2023-01-02T22:34:30.395Z,8.433493415327526,mittel,7.333488533737296,1.0053722187170446,2022,11.48589518237387,1
B-926261,1b912065-06d4-4505-b592-8fdd1f7a85fb,2023-01-02T22:39:30.395Z,2023-01-02T22:52:03.701Z,9.35587696758865,mittel,7.009797917448395,1.0193685740316496,2024,12.555105026987064,0
B-346576,5de6db16-6e96-4223-a613-01ece650f27c,2023-01-02T22:57:03.701Z,2023-01-02T23:07:11.728Z,11.62703443473934,mittel,10.172924845248717,1.0161592741229102,2024,10.13378784562578,1
B-108064,f35dd2ea-8529-4b2b-a7f9-db4719674050,2023-01-02T23:12:11.728Z,2023-01-02T23:22:12.096Z,7.53827136713209,mittel,5,1.064190842992678,2022,10.006136747195747,0
B-696401,5b9f4a77-bb53-4bfe-a050-125399690d25,2023-01-02T23:27:12.096Z,2023-01-02T23:40:34.681Z,10.45491986920826,mittel,8.49031547491302,1.0647492792408477,2022,13.376410612905765,1
B-424452,c66b3dca-3637-4509-9c77-d02d6508dfe2,2023-01-02T23:45:34.681Z,2023-01-02T23:56:41.448Z,12.614285508564857,mittel,12.03035740591017,1.0272110176170173,2024,11.112786339585227,0
B-489018,9f615f95-920e-4c49-900a-a6e84fd1656d,2023-01-03T00:01:41.448Z,2023-01-03T00:11:58.989Z,6.785033530877545,mittel,5,1.0422901436281464,2023,10.292353824991245,0
B-169034,91214ec7-677c-4dbe-854a-ffda1de1d518,2023-01-03T00:16:58.989Z,2023-01-03T00:27:41.807Z,10.36926771706461,klein,7.6176692031268365,1.1757031276212386,2024,10.71363331594594,0
B-889218,66017912-a87e-4e74-9827-e3863edf2d41,2023-01-03T00:32:41.807Z,2023-01-03T00:46:05.682Z,10.519765588496847,mittel,8.929720320456394,0.9769415133982691,2024,13.397906143434842,1
B-117921,46940cf1-2654-4b5f-ae59-3ff14277d7f1,2023-01-03T00:51:05.682Z,2023-01-03T01:01:50.197Z,11.56364574355462,klein,9.430498376783294,1.187828233745657,2022,10.741924277592778,0
B-305611,05154d4d-d37d-41b9-82e2-a2bcadb694b9,2023-01-03T01:06:50.197Z,2023-01-03T01:18:36.079Z,7.526098578243836,mittel,6.371508961868628,0.930275246557037,2022,11.764690136795672,0
B-780761,44bf9fe6-80ad-4245-befd-c6f8d1cb95ef,2023-01-03T01:23:36.079Z,2023-01-03T01:35:37.882Z,7.359086773831447,klein,6.376456549212822,1.2,2023,12.030055500574194,1
B-173135,1bb07f37-77dc-448b-a709-6232bd286f08,2023-01-03T01:40:37.882Z,2023-01-03T01:48:47.800Z,11.043883131233795,mittel,9.469827973548806,0.9402738530116983,2024,8.165302227979403,0
B-372394,7f991449-5ba2-4bb4-86de-10531b93fcf2,2023-01-03T01:53:47.800Z,2023-01-03T02:02:51.265Z,10.593969346466372,mittel,9.58487531912932,1.0142901643397366,2023,9.057747189252964,0
B-316425,94625970-8ab0-4395-b6a8-e8ed1cde62d1,2023-01-03T02:07:51.265Z,2023-01-03T02:20:31.618Z,10.500985700691754,klein,8.810607217481916,1.107742302078692,2024,12.672555778495125,0
B-910132,7ae6daed-80a3-4772-bba4-38165dc6228a,2023-01-03T02:25:31.618Z,2023-01-03T02:36:03.175Z,10.692896418993952,klein,8.31305948057662,1.1776694491537212,2024,10.525941277694606,1
B-690211,028e5e4f-1ba3-4a35-b485-50e83b5b5617,2023-01-03T02:41:03.175Z,2023-01-03T02:55:09.982Z,8.639950556843019,klein,7.5845341466771465,1.1483037387036044,2022,14.113449822560836,0
B-771108,505ca0f3-50f7-4761-af5b-8def7787c6bf,2023-01-03T03:00:09.982Z,2023-01-03T03:14:05.999Z,10.464507394322007,mittel,10.271487850352822,0.9202622020918334,2024,13.933614208501089,0
B-433940,5516f478-8e1b-4d2a-890d-356400debbfb,2023-01-03T03:19:05.999Z,2023-01-03T03:32:32.299Z,10.586144946597363,groß,8.336282210895318,0.871034981550924,2022,13.438337332710875,1
B-647503,99fba501-147c-46b5-965d-e32c6fe1d480,2023-01-03T03:37:32.299Z,2023-01-03T03:53:10.671Z,8.571297163947264,klein,5.8825084264871705,1.1211039611583644,2022,15.639543574625195,1
B-878249,95e670ca-9965-4a02-8b19-9c5e1ee6b2c4,2023-01-03T03:58:10.671Z,2023-01-03T04:10:00.701Z,13.731549022289514,mittel,12.092319887118585,1.0440573360406684,2024,11.833821344513634,0
B-145037,ab0aecc3-6dc3-4f95-8456-a4bd58ce2846,2023-01-03T04:15:00.701Z,2023-01-03T04:28:18.567Z,10.947665841823575,mittel,8.637751509505263,1.0000662844367203,2024,13.297763851807678,1
B-787150,6b3fc24f-28fb-4c8a-af5b-22aa84340589,2023-01-03T04:33:18.567Z,2023-01-03T04:44:08.438Z,7.617393005594703,mittel,5,1.0197710492694019,2022,10.831198046807938,1
B-909091,8ad2658d-38dc-4e36-a412-00cbc48ec1d8,2023-01-03T04:49:08.438Z,2023-01-03T05:06:02.723Z,11.31310721726766,groß,9.897907450964551,0.8021215522492394,2023,16.904739825737447,0
B-153017,544a1fa9-eb70-4577-8bf9-77c736133c91,2023-01-03T05:11:02.723Z,2023-01-03T05:27:00.759Z,8.050636659545358,mittel,5.905181141682364,0.9705333884286319,2024,15.967267304872038,1
B-381095,a598dfdb-3fc4-41b2-82b0-b7e9c5dfc62f,2023-01-03T05:32:00.759Z,2023-01-03T05:44:02.185Z,11.574169207484903,mittel,9.168802083683762,0.9770680681949457,2024,12.023760869035584,0
B-145940,71926e37-fd5a-4845-af69-62c39409e030,2023-01-03T05:49:02.185Z,2023-01-03T06:01:48.575Z,12.317191158014808,klein,10.18573325698086,1.1928351240121278,2023,12.773172459810384,0
B-500961,82f52ba6-810f-4210-bd46-0d30b272e1a0,2023-01-03T06:06:48.575Z,2023-01-03T06:21:31.691Z,8.358635363296578,klein,6.877407970416329,1.2,2022,14.718595198729611,0
B-825231,4e00e850-c99f-47fa-a1d9-26addb1cfa7d,2023-01-03T06:26:31.691Z,2023-01-03T06:38:14.034Z,11.926752258488644,klein,10.250853623929954,1.1097414124128562,2024,11.705720990371786,0
B-346279,305de8da-3a3e-4b95-aa29-95008032aa97,2023-01-03T06:43:14.034Z,2023-01-03T06:53:55.239Z,10.825561853872996,klein,8.224963112528553,1.2,2023,10.68675185840059,0
B-283552,5e279a41-4327-4af1-99d7-8abeaaa7766f,2023-01-03T06:58:55.239Z,2023-01-03T07:12:40.118Z,11.64412031998898,mittel,9.828402054167267,0.8915161291137149,2024,13.747979502013765,1
B-617922,40fadd1b-cf79-4e3e-9466-1d9e1afccb94,2023-01-03T07:17:40.118Z,2023-01-03T07:29:49.530Z,13.793585965307894,mittel,10.7753220946624,0.9402905299453855,2023,12.15687849216734,0
B-413494,95d19f91-d406-465d-aae9-a60a9fa022fc,2023-01-03T07:34:49.530Z,2023-01-03T07:47:11.490Z,9.509223767994259,mittel,8.34618949528291,0.9520610771906612,2023,12.365988899290521,0
B-874490,4e362a5a-c75b-488c-b335-f96088493ceb,2023-01-03T07:52:11.490Z,2023-01-03T08:02:31.377Z,8.492527671285021,klein,7.409389621041071,1.0823745655279637,2022,10.33145731386407,0
B-746345,6e2c8b34-95ae-448f-a55d-76b6e21630b1,2023-01-03T08:07:31.377Z,2023-01-03T08:16:05.257Z,8.220971140748954,klein,5.641338210554569,1.0708205805106208,2024,8.564655703273207,1
B-516641,3f944e86-102e-4df8-8858-5b538369aa90,2023-01-03T08:21:05.257Z,2023-01-03T08:33:33.594Z,8.368379430069123,mittel,7.780685660230331,1.0206499456068898,2023,12.472284819758203,0
B-237610,c3b768ad-af18-43b7-9f08-5f3b9496dcc6,2023-01-03T08:38:33.594Z,2023-01-03T08:52:22.189Z,9.845796581171792,groß,7.340673819823385,0.8392966151136069,2022,13.809924082988399,0
B-702885,80f65459-2a70-402b-ac15-55fcf0888544,2023-01-03T08:57:22.189Z,2023-01-03T09:08:55.092Z,10.682303949633289,klein,9.353900957987777,1.1689702698802553,2023,11.548386501847917,0
B-809595,8920325f-9ed9-4a91-9b48-a4860b992c66,2023-01-03T09:13:55.092Z,2023-01-03T09:28:47.464Z,10.553381598660039,groß,8.809992592329372,0.8845236343060756,2024,14.872859039117733,1
B-375998,1bd794cb-7aa1-427f-a90d-312c481d9d36,2023-01-03T09:33:47.464Z,2023-01-03T09:44:22.994Z,11.654366498072047,mittel,11.16167687525276,1.0132808496586267,2022,10.59216734916891,0
B-725154,e28e2755-7477-43e3-b0d4-78d3d7362c3f,2023-01-03T09:49:22.994Z,2023-01-03T09:59:16.429Z,10.026003783755813,mittel,7.797337044632799,1.0328881588075187,2023,9.89059109006816,1
B-213729,c0922002-801f-486e-bebf-cf8333ee5cca,2023-01-03T10:04:16.429Z,2023-01-03T10:16:08.362Z,12.907068154314633,mittel,9.97633772733351,0.9965233856878866,2024,11.865539385607738,0
B-314762,553ab122-1542-46f6-8683-90f24348adc5,2023-01-03T10:21:08.362Z,2023-01-03T10:32:58.451Z,9.470686333524087,klein,7.557129460931537,1.0906503305847126,2022,11.83481484929742,0
B-590916,3ae1eff0-679c-4f7b-832f-d84a4ae297c5,2023-01-03T10:37:58.451Z,2023-01-03T10:51:30.847Z,15,klein,11.696820217165724,1.2,2023,13.539937462670444,0
B-686245,59560af4-a33e-4678-8a9b-61af2ae518c2,2023-01-03T10:56:30.847Z,2023-01-03T11:06:57.851Z,11.251334695530012,mittel,9.80100965836606,0.9705443933609437,2024,10.450074351872031,1
B-243608,08a0fd7f-3bca-4984-b4ab-2888797075f5,2023-01-03T11:11:57.851Z,2023-01-03T11:26:42.023Z,8.285684887167434,mittel,5.01223730129736,0.9532201850618787,2022,14.736188473629795,0
B-362624,8f882698-8110-4dac-9599-67e70e1e293e,2023-01-03T11:31:42.023Z,2023-01-03T11:47:38.053Z,7.858215003877776,groß,5.232889583955867,0.84110410620978,2022,15.933833925016508,0
B-332504,ab55cb93-a74f-4556-aad9-9888801bd431,2023-01-03T11:52:38.053Z,2023-01-03T12:04:33.355Z,10.96494483048637,mittel,7.7041529428099045,0.9543594540351743,2024,11.921711946063317,0
B-943801,ab0aecc3-6dc3-4f95-8456-a4bd58ce2846,2023-01-03T12:09:33.355Z,2023-01-03T12:24:03.321Z,9.553074429348298,klein,8.592767135452215,1.1291284809005282,2022,14.499420840368638,0
B-904431,924f78c9-9f52-422b-a0c6-d3494a7c544a,2023-01-03T12:29:03.321Z,2023-01-03T12:38:56.541Z,11.428000988184184,mittel,10.853014163129272,1.0172026960781733,2024,9.887005858749479,0
B-584675,1df88d67-55ac-4c9b-9b50-7200cfbe1b0e,2023-01-03T12:43:56.541Z,2023-01-03T12:58:05.568Z,10.94647524914709,klein,8.6527309807802,1.1674170869623062,2024,14.150443082363832,1
B-249283,e3183486-6c68-442e-9465-d0764d715763,2023-01-03T13:03:05.568Z,2023-01-03T13:17:11.241Z,9.854342174686254,mittel,7.714652016558993,0.9551084966787186,2023,14.094552817118926,0
B-248579,7e1d1dce-6a96-4f93-973d-1d82ab800825,2023-01-03T13:22:11.241Z,2023-01-03T13:35:54.853Z,8.30641256386319,mittel,6.715182214203734,0.9756147313525627,2022,13.726874560379757,0
B-233795,d0c40df0-2066-4488-a6b7-57839a3709fe,2023-01-03T13:40:54.853Z,2023-01-03T13:52:52.986Z,6.970305550628271,groß,6.738122743110807,0.9037166502385121,2022,11.968873822259413,0
B-138382,31eebede-c462-4bb5-9fd4-bdc0c093e3bf,2023-01-03T13:57:52.986Z,2023-01-03T14:03:58.476Z,9.106970095865957,mittel,6.358222942502192,1.024820005886697,2022,6.091502117515938,0
B-324796,eee21d5a-e916-4b1e-afe2-d195fe8de491,2023-01-03T14:08:58.476Z,2023-01-03T14:19:41.468Z,11.712797588646945,mittel,9.608607053652342,1.1037532519674271,2024,10.71654571269574,0
B-480865,eabe56e4-a35e-4395-8d2f-44ab107d0e76,2023-01-03T14:24:41.468Z,2023-01-03T14:35:26.359Z,10.428187488260408,mittel,9.317747620390756,1.0590064086870763,2024,10.748167964630795,0
B-142608,e2b7f6eb-136b-46b8-a247-51024be8718d,2023-01-03T14:40:26.359Z,2023-01-03T14:50:28.968Z,7.508522442576024,groß,6.507912124000665,0.9072146534279969,2022,10.043490123879046,1
B-366497,328ebda9-8d18-4d2e-b6c2-9cfead1ee725,2023-01-03T14:55:28.968Z,2023-01-03T15:07:43.637Z,10.346361851702364,klein,8.466671097960635,1.0806065724772098,2024,12.244486009094132,0
B-541627,caee0e11-4e42-49ff-93aa-d65e409659a3,2023-01-03T15:12:43.637Z,2023-01-03T15:23:53.361Z,10.770634759457673,klein,9.61755390013328,1.188193017581671,2023,11.16207310895753,1
B-156777,c1b8c4e3-9dbc-4066-a6d9-e69b94cbb465,2023-01-03T15:28:53.361Z,2023-01-03T15:39:14.408Z,8.232285127597734,klein,5,1.1473446599151544,2023,10.350775980469956,0
B-238364,c36e497e-c939-4835-8199-f8560ebbf93d,2023-01-03T15:44:14.408Z,2023-01-03T15:54:07.352Z,10.307450211891055,klein,8.923835489043752,1.1224509098230875,2023,9.88239970350436,0
B-473977,ffa8cb77-6473-4076-8d6c-b1b263535085,2023-01-03T15:59:07.352Z,2023-01-03T16:09:41.490Z,10.116417436892,mittel,7.439058266386176,1.0084007670266264,2023,10.568974029029542,1
B-478523,f7a62dfe-4147-4251-afa3-57654dba4253,2023-01-03T16:14:41.490Z,2023-01-03T16:28:56.070Z,7.714059404338753,mittel,5,1.0472605767305743,2023,14.242998423699856,1
B-142148,d2280c57-7e76-4e22-880a-55fc7f92f20f,2023-01-03T16:33:56.070Z,2023-01-03T16:44:36.747Z,10.715574720696566,mittel,9.083662376082234,1.0250415795502106,2024,10.677949890745012,0
B-184590,8f882698-8110-4dac-9599-67e70e1e293e,2023-01-03T16:49:36.747Z,2023-01-03T17:00:34.955Z,11.121569052736469,klein,10.270913787352132,1.106076309932897,2023,10.970122587133455,0
B-582127,3ae38ae5-96f7-4da2-b768-627a5726b085,2023-01-03T17:05:34.955Z,2023-01-03T17:16:40.151Z,12.166102486350553,mittel,9.59543347445275,1.037122945679631,2024,11.086604769953507,0
B-539560,a09d9014-4924-4799-a40a-e8f2fe42ff36,2023-01-03T17:21:40.151Z,2023-01-03T17:34:20.830Z,12.107604104069805,mittel,10.638957830458784,0.9681206228962018,2023,12.677987027618839,0
B-278181,f04cd2f0-b6ec-4091-af44-9943ac8ebddc,2023-01-03T17:39:20.830Z,2023-01-03T17:52:15.580Z,7.244661264085818,mittel,7.4080072692573005,1.0108341559482144,2023,12.912498977057066,0
B-824350,3426c0c4-c510-4ba4-b656-2aa4a58ffa23,2023-01-03T17:57:15.580Z,2023-01-03T18:03:10.221Z,8.124349920169754,mittel,7.814394389719851,0.9848324966261433,2022,5.910686921513676,1
B-100073,7f991449-5ba2-4bb4-86de-10531b93fcf2,2023-01-03T18:08:10.221Z,2023-01-03T18:22:12.818Z,11.03007053441732,mittel,10.464020956905248,0.9890566874132187,2024,14.043270427655216,0
B-481334,2466c685-cabe-4822-be1c-cd46258370fe,2023-01-03T18:27:12.818Z,2023-01-03T18:42:05.182Z,11.027571901824418,klein,9.564185012531427,1.1883121487520254,2024,14.872736068487509,0
B-996312,8b69faf0-9834-4036-a7de-a357681e6712,2023-01-03T18:47:05.182Z,2023-01-03T18:56:59.159Z,11.030095372612095,klein,8.89950993699127,1.097990314009205,2023,9.89962692527666,0
B-415673,dbfeb0c1-ae33-44dd-a243-bbec2c376b46,2023-01-03T19:01:59.159Z,2023-01-03T19:12:02.484Z,15,groß,10.398034188102832,0.9472597537138466,2023,10.055403510530331,0
B-414890,1a70e5d3-1c9b-467c-a891-e910578e36cd,2023-01-03T19:17:02.484Z,2023-01-03T19:28:08.453Z,11.141781021386334,groß,8.667362328979118,0.8,2023,11.099493224443457,0
B-289310,404aa830-2dee-4c24-aeed-bee3c91463d6,2023-01-03T19:33:08.453Z,2023-01-03T19:43:37.733Z,12.271131280361198,mittel,8.973658428972767,0.9701166158372572,2024,10.48799196108679,0
B-444056,5ce98858-deb2-4674-bdaa-39b54d9c43c2,2023-01-03T19:48:37.733Z,2023-01-03T20:01:04.604Z,11.908003526986406,klein,11.697345539086939,1.168510594497087,2023,12.447853747893213,1
B-443349,8043189a-0444-4dbd-b734-938440b16ac9,2023-01-03T20:06:04.604Z,2023-01-03T20:14:11.021Z,11.302782502611596,mittel,8.86634018965694,1.0292157083217655,2024,8.106949427282272,0
B-106384,f51697cd-1291-4d48-961d-1d5d1dfa057d,2023-01-03T20:19:11.021Z,2023-01-03T20:28:56.870Z,9.369461510719308,mittel,7.618774015359932,0.9949762139714148,2023,9.76414478392652,1
B-368301,d1690185-e211-48a1-a89e-730225ba095f,2023-01-03T20:33:56.870Z,2023-01-03T20:49:01.573Z,11.517938440986535,mittel,9.765836128829696,0.9971304648499228,2024,15.078394400349815,0
B-949406,c60a5f38-119f-477e-8291-6c6e54018b85,2023-01-03T20:54:01.573Z,2023-01-03T21:04:10.187Z,8.454349570924856,klein,6.807082103112339,1.1705275042663807,2022,10.143560065303964,1
B-311808,3426c0c4-c510-4ba4-b656-2aa4a58ffa23,2023-01-03T21:09:10.187Z,2023-01-03T21:23:39.398Z,9.526362786519982,klein,9.316141269646739,1.138446526127116,2022,14.48685655620585,1
B-394130,0129d34c-a5cf-4638-82a0-494f54598aba,2023-01-03T21:28:39.398Z,2023-01-03T21:41:22.039Z,9.029272904341793,mittel,6.600768961738983,1.0696590628967453,2023,12.710676391180273,1
B-827233,abd9681d-de88-47dc-9ad6-4a18de8e22df,2023-01-03T21:46:22.039Z,2023-01-03T21:54:44.927Z,10.163748278772646,mittel,8.32560607825536,1.0419674557115801,2022,8.381464570823484,1
B-355475,8e55ea38-3270-4714-8fe7-29a139ff29e6,2023-01-03T21:59:44.927Z,2023-01-03T22:13:01.166Z,14.629317133347017,klein,10.960983120979567,1.1936412175502817,2024,13.270658390432413,0
B-236479,7602ca75-aecb-43fb-957b-059d0ea0ce6f,2023-01-03T22:18:01.166Z,2023-01-03T22:29:47.046Z,6.265469614816504,klein,5,1.101692163831479,2022,11.764665395614294,1
B-180994,8043189a-0444-4dbd-b734-938440b16ac9,2023-01-03T22:34:47.046Z,2023-01-03T22:45:52.390Z,11.372520380749027,mittel,8.486247213693936,0.9960305787797149,2022,11.089065887500519,1
B-693009,40b8bf42-41a4-4697-a7a8-338b9eaf0930,2023-01-03T22:50:52.390Z,2023-01-03T23:03:21.785Z,6.774568257620697,groß,5.382617809048146,0.8349767025639648,2022,12.489914186344008,0
B-945000,66887550-327b-4bf7-8687-671250a7d8bd,2023-01-03T23:08:21.785Z,2023-01-03T23:21:18.741Z,9.056136268421133,groß,6.815606790219647,0.8,2023,12.949266971133584,0
B-119267,53c8ec47-befb-486d-8055-f8bfbf757cdd,2023-01-03T23:26:18.741Z,2023-01-03T23:39:43.652Z,12.177901193934732,mittel,9.04989997527393,1.0180082091972884,2024,13.41518364394924,0
B-188062,3ad308bf-44ac-4eba-81c6-71283944a65c,2023-01-03T23:44:43.652Z,2023-01-03T23:59:05.042Z,10.128560038190926,mittel,6.696530566880907,0.9731177121110092,2024,14.356505695096004,0
B-390828,c18771b3-0250-45dd-b831-a3a5c897c882,2023-01-04T00:04:05.042Z,2023-01-04T00:16:54.019Z,7.844510444141388,klein,6.192502782684416,1.1827701914925117,2023,12.816271825556713,0
B-128040,d076ce09-1e5d-4e1c-8b29-f9ee9bc1e547,2023-01-04T00:21:54.019Z,2023-01-04T00:31:08.943Z,8.569392581480063,mittel,5.350793691153048,0.9464904218552834,2023,9.248731822427276,0
B-443681,7b68565d-391e-4d18-8e44-6c95db80b104,2023-01-04T00:36:08.943Z,2023-01-04T00:47:12.105Z,11.35919549786935,mittel,9.847412361985084,1.0859520306420911,2024,11.052709084697618,0
B-693271,8184b900-e7e9-4e53-aecc-2d35087809fe,2023-01-04T00:52:12.105Z,2023-01-04T01:10:05.271Z,8.539266736565727,mittel,6.913853142187085,0.9551833670703969,2022,17.886096670537242,1
B-311191,3180f770-b008-4775-951e-89ed9a94c012,2023-01-04T01:15:05.271Z,2023-01-04T01:28:32.210Z,10.43291717916395,mittel,6.888782243866229,1.0109651168600218,2023,13.448982120763455,0
B-804208,abb2073d-a52d-4bf2-82c5-8b0d94ecc28e,2023-01-04T01:33:32.210Z,2023-01-04T01:50:16.524Z,10.091143679807628,klein,7.763705866796239,1.1895929655194033,2024,16.738574601622993,1
B-558926,412414b8-c742-49d9-9bec-46773ed5a424,2023-01-04T01:55:16.524Z,2023-01-04T02:10:03.976Z,8.696799304788366,klein,6.205283038240109,1.1214679784899944,2023,14.79086816439837,0
B-400047,c3b768ad-af18-43b7-9f08-5f3b9496dcc6,2023-01-04T02:15:03.976Z,2023-01-04T02:27:32.993Z,14.28788817865065,mittel,11.749485053339702,1.0426234321716474,2024,12.483604143111497,0
B-360387,8924ac6a-de65-45cd-b1fd-a43a30902a1d,2023-01-04T02:32:32.993Z,2023-01-04T02:45:09.161Z,11.267838044636022,klein,10.354720881731962,1.088540820109979,2024,12.602814139562234,0
B-120300,e74c33e0-b6ae-4e95-bca2-5ce5ff24156b,2023-01-04T02:50:09.161Z,2023-01-04T03:02:04.772Z,5.949714826684786,klein,5,1.2,2024,11.926839920246309,0
B-467906,198a8228-35af-4814-8fdf-6ac8e79bfb75,2023-01-04T03:07:04.772Z,2023-01-04T03:15:36.235Z,10.372908629538856,groß,8.413352982778502,0.8507074632482879,2023,8.524390768307,0
B-692788,02f79c5f-3334-43cb-9fba-b73b383c467c,2023-01-04T03:20:36.235Z,2023-01-04T03:32:38.401Z,8.676427070463223,mittel,6.781008860803939,0.970179429601556,2022,12.036094504936449,0
B-949879,f2c0bb9b-be88-454c-b3e2-57a8d5250fd8,2023-01-04T03:37:38.401Z,2023-01-04T03:52:03.682Z,11.704866669592448,mittel,10.035233412124425,0.9850409113786283,2023,14.421349105084394,0
B-215857,a09d9014-4924-4799-a40a-e8f2fe42ff36,2023-01-04T03:57:03.682Z,2023-01-04T04:07:51.725Z,8.4149585231346,groß,6.945163446745369,0.890445963469636,2022,10.800720010357592,0
B-357767,fb6512fa-4b6a-46b1-9711-02ba3751777e,2023-01-04T04:12:51.725Z,2023-01-04T04:25:41.159Z,9.770527117066202,groß,7.064452361914142,0.820777235407478,2022,12.82390599812362,0
B-612530,20c4d15d-fab2-4b39-ab18-732923d97cea,2023-01-04T04:30:41.159Z,2023-01-04T04:44:23.350Z,11.009974557960915,mittel,8.488925710702114,0.9625321155288611,2022,13.703182091786395,0
B-818442,028e5e4f-1ba3-4a35-b485-50e83b5b5617,2023-01-04T04:49:23.350Z,2023-01-04T04:59:34.189Z,11.731510388340244,groß,8.589182453868707,0.8389231701208131,2023,10.18063912137505,0
B-407147,3ad308bf-44ac-4eba-81c6-71283944a65c,2023-01-04T05:04:34.189Z,2023-01-04T05:15:40.032Z,7.599407185888447,mittel,7.155532887309356,0.9411518943615016,2023,11.097394271312671,0
B-183640,977e256c-e86b-4342-83c4-eb390d7f0d2f,2023-01-04T05:20:40.032Z,2023-01-04T05:30:37.883Z,9.330997528318104,mittel,7.4861096713264255,1.0910271953970907,2022,9.964177019045682,0
B-566492,d8da16e5-1179-493a-8188-77cac80875c6,2023-01-04T05:35:37.883Z,2023-01-04T05:45:59.223Z,9.050109377678087,mittel,9.141278187895477,0.9716802704392639,2022,10.355668786621186,0
B-302643,36a167b0-29b9-4c23-aeb7-7dbf93bff693,2023-01-04T05:50:59.223Z,2023-01-04T06:00:24.711Z,8.693341534852577,mittel,6.894012414067441,1.0415808393090202,2022,9.424789432693878,0
B-300912,44bf9fe6-80ad-4245-befd-c6f8d1cb95ef,2023-01-04T06:05:24.711Z,2023-01-04T06:15:36.657Z,13.530908480562193,mittel,10.116320017539293,1.0104735041823887,2024,10.199103077243947,0
B-713770,5b5ea535-db93-4fcb-9fd8-4e45f8890cbc,2023-01-04T06:20:36.657Z,2023-01-04T06:35:26.991Z,10.80996342192191,mittel,7.134256344924702,0.9507732974759016,2023,14.838911361595677,0
B-124996,bead2724-a5ba-40da-b016-80fa1f3cbfea,2023-01-04T06:40:26.991Z,2023-01-04T06:50:37.134Z,7.478232091329909,klein,5,1.1497022645393635,2022,10.169045941819416,0
B-116469,d4f4077b-8cd5-468c-a0d8-c022a4edaaaa,2023-01-04T06:55:37.134Z,2023-01-04T07:07:52.309Z,11.835723894109552,mittel,7.884443172282153,1.0392001389655374,2023,12.25291843812138,0
B-674277,91911516-1185-43f1-aebf-3c98b1c693a8,2023-01-04T07:12:52.309Z,2023-01-04T07:23:51.965Z,14.244312394025266,klein,11.662576566231698,1.1405869332456846,2024,10.994262492658088,0
B-800489,89b03343-f3b7-4037-b43c-ae5c9af3993b,2023-01-04T07:28:51.965Z,2023-01-04T07:43:13.429Z,12.064930521102294,mittel,10.16066944011177,1.0596556472925514,2024,14.357731874073878,0
B-258212,7da217d9-6b0a-479c-b65b-9884799a1c64,2023-01-04T07:48:13.429Z,2023-01-04T08:02:50.768Z,6.961260068091973,mittel,5,1.051075769639093,2022,14.622324593207233,1
B-387951,3a24c788-3647-441f-b436-3300c55b06b1,2023-01-04T08:07:50.768Z,2023-01-04T08:21:34.457Z,9.031531854267497,mittel,8.120263797490113,1.0459457427329164,2022,13.728139964277894,1
B-527459,3976ba2b-f136-4e77-ae56-3c2cc7a67a11,2023-01-04T08:26:34.457Z,2023-01-04T08:39:11.193Z,12.533822298373245,mittel,9.543996787015157,0.9770171613863502,2024,12.612269106205511,0
B-609508,3c72cbb1-7709-4a61-801d-822750b23aa7,2023-01-04T08:44:11.193Z,2023-01-04T08:55:43.466Z,8.584661068762438,groß,7.0145218669955,0.8,2024,11.537880926318202,1
B-880911,72e8dc51-ab4f-43e0-9654-3cf7c8ce567e,2023-01-04T09:00:43.466Z,2023-01-04T09:10:20.441Z,10.887638856292456,mittel,10.32233171328939,0.9693206197318602,2024,9.6162505916175,0
B-254636,df3faf7d-b5f7-4cfe-ae5b-a8089f058313,2023-01-04T09:15:20.441Z,2023-01-04T09:31:13.664Z,11.549268106858673,mittel,10.13625380135247,1.009812047033336,2022,15.887057762244394,0
B-536718,e6b29d55-1eea-4ce9-a30c-c570a58f9e57,2023-01-04T09:36:13.664Z,2023-01-04T09:46:42.504Z,8.146139056843834,mittel,6.248380597569236,1.0272893356766177,2022,10.480653964494893,1
B-353118,062cfb60-297e-45f8-b140-7c970929518d,2023-01-04T09:51:42.504Z,2023-01-04T10:05:02.141Z,9.8809492878764,klein,7.013567204885832,1.0414214297619775,2024,13.327292694065683,1
B-539423,505ca0f3-50f7-4761-af5b-8def7787c6bf,2023-01-04T10:10:02.141Z,2023-01-04T10:24:09.289Z,3.517465319861855,klein,5,1.1495943399194124,2022,14.119131145246794,0
B-368692,66bc6ace-091f-46d4-9597-18bcbf67051e,2023-01-04T10:29:09.289Z,2023-01-04T10:40:02.655Z,7.951224717331421,klein,5.641826454622716,1.157904461266159,2024,10.889439006189342,0
B-126339,e4b58038-32ed-4989-b1bc-3911e787149d,2023-01-04T10:45:02.655Z,2023-01-04T10:59:07.217Z,9.49486369721368,mittel,7.38476071894325,0.9861227871842224,2022,14.076025054631923,0
B-226323,b0bd8eeb-bc1b-441a-b82c-7fa02bbf1695,2023-01-04T11:04:07.217Z,2023-01-04T11:17:38.922Z,7.504433636070301,mittel,5.016367381705057,1.064563691950794,2023,13.52842640667771,0
B-617948,845e95c7-ea8d-4df4-8503-58e16e669bcb,2023-01-04T11:22:38.922Z,2023-01-04T11:38:06.278Z,13.26482260786327,groß,10.480601119198312,0.8710890037125435,2022,15.455927670763531,0
B-369583,f3534af1-57e2-4c40-9ece-3973957185cf,2023-01-04T11:43:06.278Z,2023-01-04T11:54:09.956Z,7.139717244078735,klein,5.788625678221757,1.2,2022,11.061307067146577,0
B-904165,bead2724-a5ba-40da-b016-80fa1f3cbfea,2023-01-04T11:59:09.956Z,2023-01-04T12:08:35.653Z,9.119911026606033,klein,7.071072839476749,1.1392019739824883,2022,9.42827196544057,1
B-944969,5274a7ef-e623-49c9-8a5a-5b04bb82b026,2023-01-04T12:13:35.653Z,2023-01-04T12:24:34.994Z,10.261481154572182,groß,7.559182342834287,0.8968738746253462,2024,10.989020489110978,0
B-788039,05154d4d-d37d-41b9-82e2-a2bcadb694b9,2023-01-04T12:29:34.994Z,2023-01-04T12:42:00.056Z,12.882546578132231,klein,10.474691934472514,1.2,2022,12.417707085068663,1
B-251970,dd1d45eb-8869-48c8-a13d-cb4fb53f39fd,2023-01-04T12:47:00.056Z,2023-01-04T12:59:07.042Z,7.128275697641121,mittel,6.144561207682306,1.065584672463633,2022,12.116425454170113,0
B-245320,3433d671-b123-4cb5-8253-ee4ddd964a89,2023-01-04T13:04:07.042Z,2023-01-04T13:15:19.829Z,12.32632750430992,mittel,8.77066292600509,0.9453929203285634,2024,11.2131242074509,0
B-192516,b992fea4-33b5-488c-ac51-d28aebb4fb44,2023-01-04T13:20:19.829Z,2023-01-04T13:28:30.726Z,10.020466122039174,mittel,9.427305277377611,0.9873161961228809,2024,8.181605082045515,0
B-989230,758e5398-fa0d-4d97-af23-f17f48bcef15,2023-01-04T13:33:30.726Z,2023-01-04T13:46:27.184Z,8.036982697904097,klein,6.330998026039016,1.13274176472751,2022,12.940965992258214,0
B-773322,7c4add0b-a69d-4c23-856c-30f5d3ad05e1,2023-01-04T13:51:27.184Z,2023-01-04T14:07:23.865Z,10.92420694852654,klein,8.75821518176608,1.1744627267538164,2023,15.9446889581644,0
B-348856,12c985eb-2ab2-4903-9385-7b6449a426ed,2023-01-04T14:12:23.865Z,2023-01-04T14:25:19.575Z,10.39811939114694,klein,9.02670993617411,1.1843176777507265,2024,12.928502476246008,0
B-993471,5f555fc8-8625-47ff-9dd3-968b0f896ed1,2023-01-04T14:30:19.575Z,2023-01-04T14:43:32.671Z,8.79956624568241,mittel,7.272869127809431,0.9580553662987132,2023,13.218271038107027,0
B-191131,dd19fdfb-d2ec-4ea6-b22d-630c656e672d,2023-01-04T14:48:32.671Z,2023-01-04T15:01:41.365Z,10.139604169980037,mittel,9.064819969897275,1.0033919256958468,2022,13.144890612310203,0
B-646296,28205b83-a5c0-4560-a934-ec0efb076892,2023-01-04T15:06:41.365Z,2023-01-04T15:19:29.010Z,9.22937280627648,klein,7.670622410223008,1.049003633392193,2022,12.7940933397648,0
B-164807,5e90b375-1422-4971-aff9-0603f1fccfaf,2023-01-04T15:24:29.010Z,2023-01-04T15:38:20.810Z,10.227034690502496,mittel,7.56919037776156,1.0720972502900945,2023,13.86333193373619,0
B-468979,f3534af1-57e2-4c40-9ece-3973957185cf,2023-01-04T15:43:20.810Z,2023-01-04T15:56:08.255Z,11.324261349042093,groß,9.420912604439776,0.8243812879661653,2024,12.79074736237133,0
B-318012,30409a1f-e7dd-431c-918b-665a4d8b6906,2023-01-04T16:01:08.255Z,2023-01-04T16:12:30.734Z,13.172033632290704,klein,9.393900698511903,1.1527931969922247,2023,11.374645660693448,0
B-287114,cf87b4c6-41e2-4e83-9820-5150b0ba3594,2023-01-04T16:17:30.734Z,2023-01-04T16:27:55.215Z,7.524369002346302,mittel,6.128054907653565,0.984517514300597,2022,10.408022179982492,0
B-883171,7c9f81b9-f9d5-4501-aada-d3063dd277c5,2023-01-04T16:32:55.215Z,2023-01-04T16:44:25.338Z,14.266066749312532,mittel,11.379623408805566,1.0573013787506707,2023,11.50205268943865,1
B-286120,ab77cc6a-fbf7-44d0-b674-29bbcf8a0abe,2023-01-04T16:49:25.338Z,2023-01-04T17:02:03.034Z,6.095824400954996,klein,5,1.008124677930131,2022,12.628258992901332,0
B-234273,40b8bf42-41a4-4697-a7a8-338b9eaf0930,2023-01-04T17:07:03.034Z,2023-01-04T17:18:25.104Z,9.696429809928834,mittel,7.628606336504136,0.9991694828837046,2022,11.367834077754054,0
B-165770,25122a5b-d05c-414d-9f61-bdac3f8294f9,2023-01-04T17:23:25.104Z,2023-01-04T17:36:02.825Z,11.176634412969154,mittel,7.059458484877685,0.9947090621251151,2024,12.628677366262862,0
B-299184,125c887d-345c-4a9e-82f1-0df0a5801707,2023-01-04T17:41:02.825Z,2023-01-04T17:53:55.523Z,10.561983735470065,groß,7.9008620806350915,0.8273181806204158,2024,12.878300267400835,0
B-521208,de65bbb7-7293-4f2a-837c-95c399cc00df,2023-01-04T17:58:55.523Z,2023-01-04T18:12:35.504Z,8.754600960358813,groß,7.096525669428166,0.9363113272817816,2023,13.666358862540363,0
B-689040,bead2724-a5ba-40da-b016-80fa1f3cbfea,2023-01-04T18:17:35.504Z,2023-01-04T18:32:09.440Z,9.58375549928545,mittel,7.826860791425761,0.9556335270572114,2022,14.565589937677961,0
B-643587,7b68565d-391e-4d18-8e44-6c95db80b104,2023-01-04T18:37:09.440Z,2023-01-04T18:49:18.801Z,9.013998130682335,mittel,6.18352336361991,1.038589808861783,2023,12.156014836957715,1
B-811882,dd1d45eb-8869-48c8-a13d-cb4fb53f39fd,2023-01-04T18:54:18.801Z,2023-01-04T19:03:41.867Z,8.821270486111576,mittel,8.322724229753963,1.0178126394353042,2022,9.384446869704679,0
B-869014,35d71283-478b-4fbc-be21-f894d53b1d53,2023-01-04T19:08:41.867Z,2023-01-04T19:20:00.455Z,11.69920419404205,mittel,8.49318850701914,1.0630759626267758,2023,11.30979180636162,0
B-751522,40fadd1b-cf79-4e3e-9466-1d9e1afccb94,2023-01-04T19:25:00.455Z,2023-01-04T19:37:05.742Z,10.714030971930095,mittel,9.540681978070813,0.9666405457611247,2024,12.088125134813199,0
B-855202,a05c4722-5e21-4f63-b5dc-66d87236cff1,2023-01-04T19:42:05.742Z,2023-01-04T19:50:25.450Z,8.614180809478691,klein,7.318539009454638,1.113351555043812,2022,8.328462487645819,0
B-899026,c7761626-ddff-4437-8836-9f59fe2fbf2b,2023-01-04T19:55:25.450Z,2023-01-04T20:10:12.090Z,11.799199750866501,mittel,8.793132490849398,1.0548034953738699,2024,14.777329040204965,0
B-629622,ad65db4b-e430-4c26-ba70-213539bca947,2023-01-04T20:15:12.090Z,2023-01-04T20:27:29.175Z,10.614599041753218,mittel,10.266990126012088,1.0212660654165056,2023,12.284755825020932,1
B-534266,44cc12fc-f67b-40bc-a884-1d9f8664438d,2023-01-04T20:32:29.175Z,2023-01-04T20:45:14.938Z,11.62572423767792,mittel,8.106942558385857,0.9227531326661621,2024,12.76270566916057,1
B-763336,709fb2ea-c268-48ea-932b-a3f6e4550a69,2023-01-04T20:50:14.938Z,2023-01-04T21:04:58.801Z,11.259257683847224,groß,9.92656032068778,0.8230347492768365,2023,14.73105292505253,1
B-105479,062cfb60-297e-45f8-b140-7c970929518d,2023-01-04T21:09:58.801Z,2023-01-04T21:20:43.184Z,8.342009978155856,klein,7.6741903005676635,1.169319132692403,2023,10.739714339715306,0
B-784944,d76fe57d-d5ab-434b-aa10-755c298caadd,2023-01-04T21:25:43.184Z,2023-01-04T21:38:52.069Z,8.879637919606061,mittel,6.433090126608205,1.0418882110773295,2022,13.148083861768061,1
B-460441,65c7b9f9-1d77-40dc-85bf-23613b6aa932,2023-01-04T21:43:52.069Z,2023-01-04T21:55:38.885Z,11.494587210246523,klein,10.588135068261547,1.116038467340352,2023,11.780271753796129,0
B-230885,517a21d1-7465-42b7-add5-1b815d057276,2023-01-04T22:00:38.885Z,2023-01-04T22:12:16.794Z,11.22074053086693,mittel,8.726545910094591,0.854287200509153,2024,11.631826265968161,1
B-214251,9a5a73d2-465a-43be-bb85-50d96c1464ad,2023-01-04T22:17:16.794Z,2023-01-04T22:27:44.131Z,9.958196812071703,mittel,8.25525107893722,1.0261611592868516,2022,10.455615224391241,1
B-975169,7e80404e-52db-4979-80cf-34365c4c6088,2023-01-04T22:32:44.131Z,2023-01-04T22:48:04.004Z,10.234654766617563,mittel,8.448045652065272,0.9389839655028012,2023,15.331206427373054,0
B-322895,0f06c8ce-b9d1-4276-9640-fad7676894bc,2023-01-04T22:53:04.004Z,2023-01-04T23:04:18.944Z,12.555329791576849,mittel,9.909955091790932,0.8991330600938794,2023,11.248999919848858,0
B-849293,5abc72f5-c043-42ed-a66f-84cdb89cb6c2,2023-01-04T23:09:18.944Z,2023-01-04T23:22:42.879Z,8.81685722232834,mittel,7.864294051022455,0.858383703750793,2023,13.398928493791404,0
B-917462,ac9c8da1-f685-461b-8ece-d5a3949b8a60,2023-01-04T23:27:42.879Z,2023-01-04T23:35:57.879Z,11.094194762340075,mittel,9.668844530424273,1.040699043009887,2024,8.249985225056127,1
B-307372,e6b29d55-1eea-4ce9-a30c-c570a58f9e57,2023-01-04T23:40:57.879Z,2023-01-04T23:55:19.477Z,9.595614695132213,mittel,5.92795978286759,1.0064308725202484,2022,14.359977059379574,0
B-218020,021e29e2-0a72-46be-87a6-a84d350ea7d8,2023-01-05T00:00:19.477Z,2023-01-05T00:14:25.743Z,9.564637593545559,mittel,8.9560503177146,0.9887171809643874,2022,14.104422311914117,1
B-698280,544a1fa9-eb70-4577-8bf9-77c736133c91,2023-01-05T00:19:25.743Z,2023-01-05T00:31:37.435Z,12.19755370397438,groß,8.095550975143832,0.919451218148138,2023,12.194868220594605,0
B-602431,95b5cf7f-ec00-4523-86ee-aabdec32080a,2023-01-05T00:36:37.435Z,2023-01-05T00:48:10.202Z,11.65083269797606,klein,10.353212362722505,1.1818662341511534,2024,11.546115067724152,0
B-837663,95b5cf7f-ec00-4523-86ee-aabdec32080a,2023-01-05T00:53:10.202Z,2023-01-05T01:05:58.202Z,11.627019272001277,klein,10.428320554428606,1.2,2023,12.800000011227134,0
B-308007,990e7ae9-e726-4436-a5ca-8f33c82a8a57,2023-01-05T01:10:58.202Z,2023-01-05T01:27:32.856Z,12.610957614308658,mittel,8.99779966123173,0.9303632263916501,2024,16.57758132176058,1
B-142582,95e670ca-9965-4a02-8b19-9c5e1ee6b2c4,2023-01-05T01:32:32.856Z,2023-01-05T01:41:01.268Z,10.042007683265519,groß,7.6227918586578305,0.8482724688023018,2024,8.47352660219303,0
B-399266,f57aa70e-edfb-4aea-a089-622afcc0f629,2023-01-05T01:46:01.268Z,2023-01-05T01:59:35.111Z,11.363905942589927,mittel,7.985420085586005,0.9191643312525992,2024,13.564054775148255,0
B-525624,1df88d67-55ac-4c9b-9b50-7200cfbe1b0e,2023-01-05T02:04:35.111Z,2023-01-05T02:14:45.717Z,9.379466486813088,klein,7.288652159161735,1.1385308834072265,2022,10.176765395692195,0
B-793632,ab77cc6a-fbf7-44d0-b674-29bbcf8a0abe,2023-01-05T02:19:45.717Z,2023-01-05T02:31:43.327Z,10.648332704976884,mittel,8.210631879795766,0.9875692073116661,2024,11.960163207400537,0
B-224446,ab77cc6a-fbf7-44d0-b674-29bbcf8a0abe,2023-01-05T02:36:43.327Z,2023-01-05T02:48:13.581Z,9.73971389126463,mittel,8.571431645281045,1.0313306818631536,2023,11.504239761842674,0
B-464388,4c956237-c35a-4b87-b975-2327da5c59ed,2023-01-05T02:53:13.581Z,2023-01-05T03:04:22.183Z,10.193991929985437,klein,9.465502290107958,1.1522781940570948,2023,11.143363484404489,0
B-769299,3c72cbb1-7709-4a61-801d-822750b23aa7,2023-01-05T03:09:22.183Z,2023-01-05T03:21:20.927Z,11.190314050873827,mittel,10.347935051489017,1.0311703569139958,2024,11.979069741894541,1
B-321633,351f2a6d-8b2e-4b77-99d8-91e4931a8313,2023-01-05T03:26:20.927Z,2023-01-05T03:36:04.827Z,8.363558633533055,groß,6.128678880248142,0.8851720066569447,2022,9.73165770944442,1
B-529573,25122a5b-d05c-414d-9f61-bdac3f8294f9,2023-01-05T03:41:04.827Z,2023-01-05T03:55:08.329Z,14.184774551370921,mittel,11.13859776735221,1.1077464338691572,2024,14.058360872255934,0
B-765106,6041604b-9e83-4706-9ad5-c4b32f4d3c46,2023-01-05T04:00:08.329Z,2023-01-05T04:08:33.031Z,7.987965237000596,mittel,5,0.9842351672356938,2023,8.4117129776028,1
B-528183,9484c297-6d68-47ed-aab9-2c2b616a6de9,2023-01-05T04:13:33.031Z,2023-01-05T04:26:37.803Z,7.571622774424536,mittel,5.25142815304344,0.9529488649666811,2022,13.079529025656685,1
B-231817,469d2c16-d14d-4e59-8b7f-f7ad0de00ed0,2023-01-05T04:31:37.803Z,2023-01-05T04:42:58.619Z,12.316221747000135,klein,10.817829030697567,1.1623041807658203,2022,11.346928294930859,0
B-508245,8a290661-4a63-49c2-b4e2-b2ba4c831b76,2023-01-05T04:47:58.619Z,2023-01-05T04:57:38.108Z,11.583325387925871,groß,10.88224313388893,0.8098859986430228,2024,9.658150212385092,0
B-133026,028e5e4f-1ba3-4a35-b485-50e83b5b5617,2023-01-05T05:02:38.108Z,2023-01-05T05:15:02.394Z,11.24823963410431,mittel,7.764242835403527,1.0740980384218268,2024,12.40476674119739,0
B-107747,4d4261a7-6023-422d-82cb-b4e7aac6d1f6,2023-01-05T05:20:02.394Z,2023-01-05T05:28:55.560Z,11.25669101852856,mittel,8.412888555669953,0.9858390980527384,2022,8.886097826587044,0
B-261682,47d58640-3ed0-4823-8658-ecb4eb04ffdd,2023-01-05T05:33:55.560Z,2023-01-05T05:46:00.325Z,9.97550645430617,mittel,7.95399940648601,0.9717211816063005,2022,12.079427643439269,0
B-470938,00b3b6b5-ad5d-4a14-add7-208f9594a2e5,2023-01-05T05:51:00.325Z,2023-01-05T06:00:09.580Z,8.205491257028337,mittel,6.844554164442276,0.9764342139424441,2022,9.154246184376891,1
B-245065,f951daae-0651-4b48-b0fc-bd915a33c811,2023-01-05T06:05:09.580Z,2023-01-05T06:18:04.933Z,10.151609116387453,mittel,7.311683773188317,1.0359208711735821,2024,12.922544168635662,1
B-585809,2466c685-cabe-4822-be1c-cd46258370fe,2023-01-05T06:23:04.933Z,2023-01-05T06:33:14.010Z,8.645676576975777,klein,7.340602306044712,1.1421126508384256,2022,10.15128533273925,0
B-563970,7e80404e-52db-4979-80cf-34365c4c6088,2023-01-05T06:38:14.010Z,2023-01-05T06:49:19.891Z,11.950239466835502,groß,9.086352226397485,0.8179166589934809,2024,11.098011965941382,0
B-568220,c01211e4-d8f1-45ac-bd3e-0c21c9cc0a75,2023-01-05T06:54:19.891Z,2023-01-05T07:06:55.164Z,9.705885236995723,groß,7.7502559187183,0.9332675958811765,2023,12.587898775886325,0
B-902981,01460d2e-a671-4160-a627-0aee34ec3644,2023-01-05T07:11:55.164Z,2023-01-05T07:22:22.459Z,8.349005606414977,mittel,7.225488733135681,0.9571915079669124,2023,10.454915776315529,1
B-885384,72e8dc51-ab4f-43e0-9654-3cf7c8ce567e,2023-01-05T07:27:22.459Z,2023-01-05T07:39:15.504Z,9.357228316694012,groß,7.492204923166148,0.8517783037016496,2022,11.884072000663394,0
B-410989,bb924070-f6b5-47c7-ae70-d4559a8bf6a2,2023-01-05T07:44:15.504Z,2023-01-05T07:53:13.844Z,10.82586290855125,klein,8.22430443631443,1.1826153075805115,2022,8.972338997510292,0
B-297116,1bca66b4-2749-49db-9003-e998618e5876,2023-01-05T07:58:13.844Z,2023-01-05T08:11:29.549Z,8.87255089439205,mittel,6.98843091158781,0.9184332444791463,2022,13.261751207192312,0
B-759539,a05c4722-5e21-4f63-b5dc-66d87236cff1,2023-01-05T08:16:29.549Z,2023-01-05T08:32:01.339Z,8.355559208867136,mittel,6.596084407888374,1.0240130250702963,2022,15.529827611101542,0
B-516618,c78ea195-5f89-4b24-a2cb-7a6fc0b3605d,2023-01-05T08:37:01.339Z,2023-01-05T08:54:36.404Z,10.487374422983825,mittel,8.019888508504934,0.9472446162259776,2024,17.584417735819923,0
B-433338,c3b768ad-af18-43b7-9f08-5f3b9496dcc6,2023-01-05T08:59:36.404Z,2023-01-05T09:11:47.344Z,10.489933142217446,mittel,8.133150451106856,1.0411391390417002,2024,12.18233629333288,1
B-831082,1a70e5d3-1c9b-467c-a891-e910578e36cd,2023-01-05T09:16:47.344Z,2023-01-05T09:30:21.929Z,8.98611364925774,mittel,8.78753808991091,0.9518674494040512,2022,13.576408281594373,0
B-255308,3433d671-b123-4cb5-8253-ee4ddd964a89,2023-01-05T09:35:21.929Z,2023-01-05T09:43:48.253Z,9.057923388763355,klein,7.807258158951923,1.1846384515924429,2024,8.438748654185021,1
B-500472,416fc6d7-1ff2-460d-b3a1-d168edcb27b2,2023-01-05T09:48:48.253Z,2023-01-05T10:03:48.582Z,10.464099874715272,mittel,8.075799581743057,1.0552916533147356,2024,15.005468652611176,0
B-336585,7f991449-5ba2-4bb4-86de-10531b93fcf2,2023-01-05T10:08:48.582Z,2023-01-05T10:22:21.729Z,7.103831317005351,klein,6.380019458115017,1.1930718262816402,2022,13.552457009448212,0
B-703976,3180f770-b008-4775-951e-89ed9a94c012,2023-01-05T10:27:21.729Z,2023-01-05T10:38:23.657Z,7.1850724512468895,mittel,5.414238471241502,1.0125658324119051,2022,11.032133110097535,0
B-906744,8920325f-9ed9-4a91-9b48-a4860b992c66,2023-01-05T10:43:23.657Z,2023-01-05T10:57:52.119Z,8.563111557495128,klein,8.023613883582744,1.138434952853515,2023,14.474361600578018,1
B-490022,28205b83-a5c0-4560-a934-ec0efb076892,2023-01-05T11:02:52.119Z,2023-01-05T11:14:21.582Z,9.573105696576306,klein,8.028126749459139,1.1211790211832577,2023,11.491047846709318,1
B-196187,8459a7c6-7bea-4d67-b15a-926fef2fd2bf,2023-01-05T11:19:21.582Z,2023-01-05T11:30:26.619Z,10.621815131196009,mittel,8.390149960952577,1.0735517345408552,2024,11.083949633970887,0
B-164105,8ed99789-8c35-4069-9bfb-cd4000879cd6,2023-01-05T11:35:26.619Z,2023-01-05T11:48:23.659Z,12.950712433899104,mittel,10.808286872929562,0.9650252389916179,2024,12.950669850854982,1
B-605756,6c4f7817-26d7-4b65-87a0-90039994dd23,2023-01-05T11:53:23.659Z,2023-01-05T12:03:16.056Z,11.71531924640404,groß,7.801379245054732,0.8,2024,9.873291000339362,0
B-526808,7602ca75-aecb-43fb-957b-059d0ea0ce6f,2023-01-05T12:08:16.056Z,2023-01-05T12:22:18.651Z,9.680122940073145,mittel,6.617330883148711,1.0332684467516415,2022,14.043249528799896,0
B-128775,a91a87f3-789e-4b3f-8c2c-36826370a5b1,2023-01-05T12:27:18.651Z,2023-01-05T12:37:11.932Z,9.961967584194623,mittel,6.775649060956643,0.9601931598406752,2022,9.888020376146313,0
B-973335,756107d7-2f2e-4326-8dde-2b128e7c27d6,2023-01-05T12:42:11.932Z,2023-01-05T12:52:05.926Z,7.994941270724382,groß,6.538896111343213,0.8024968251266936,2022,9.899890420353628,1
B-824463,7ae6daed-80a3-4772-bba4-38165dc6228a,2023-01-05T12:57:05.926Z,2023-01-05T13:07:16.763Z,9.96297372801522,mittel,9.702893981897267,0.9278197868915118,2022,10.180620423183331,0
B-243771,7bf37c03-a7c8-4076-b858-1449fa711b8a,2023-01-05T13:12:16.763Z,2023-01-05T13:25:47.903Z,9.422682722159724,klein,9.769446323920413,1.125854508026974,2022,13.519000075032244,0
B-759863,690550ba-0f09-47ed-a42c-db50104964c9,2023-01-05T13:30:47.903Z,2023-01-05T13:41:33.890Z,10.64543712067618,mittel,9.154400797981701,0.9958642488051753,2024,10.766449276960584,0
B-617982,5ec579b7-25cd-40af-8296-e7f0cf99edfe,2023-01-05T13:46:33.890Z,2023-01-05T13:55:52.131Z,8.345538112895355,groß,7.177274965260741,0.8621545863830349,2024,9.304008431265663,0
B-685112,475dbf96-72e9-4cb1-983b-915b2e1625ba,2023-01-05T14:00:52.131Z,2023-01-05T14:11:39.449Z,11.038693028482344,mittel,7.029896688633137,1.0475653122149742,2022,10.788640000128403,0
B-519651,91911516-1185-43f1-aebf-3c98b1c693a8,2023-01-05T14:16:39.449Z,2023-01-05T14:28:35.604Z,13.065477826005155,klein,9.909708461070103,1.1763448961832896,2024,11.935915258639026,0
B-976359,73a8d3b5-bff6-4699-bdf8-4c0b53109e7c,2023-01-05T14:33:35.604Z,2023-01-05T14:43:13.887Z,9.782479703086285,klein,7.038200010560789,1.140456389022341,2022,9.638055032671229,0
B-648338,bead2724-a5ba-40da-b016-80fa1f3cbfea,2023-01-05T14:48:13.887Z,2023-01-05T14:57:55.685Z,10.803423444197882,klein,8.021891157107191,1.1400902161810138,2024,9.696637781931313,1
B-596494,6be0625d-38c7-442e-a2fc-a6f7a99c749f,2023-01-05T15:02:55.685Z,2023-01-05T15:19:09.041Z,11.380287983422225,mittel,8.93608656815299,1.0255078734457592,2024,16.22259266819917,0
B-249430,367fbc7a-8410-4ee3-b80a-9c179d627ba5,2023-01-05T15:24:09.041Z,2023-01-05T15:34:25.773Z,9.197559056228327,mittel,6.885956667285535,1.0636285081464285,2023,10.278869192372227,0
B-254269,91911516-1185-43f1-aebf-3c98b1c693a8,2023-01-05T15:39:25.773Z,2023-01-05T15:50:47.008Z,10.448184963620834,klein,6.37924816052088,1.1563157099741599,2024,11.353915262453986,0
B-330145,e74c33e0-b6ae-4e95-bca2-5ce5ff24156b,2023-01-05T15:55:47.008Z,2023-01-05T16:07:02.940Z,10.02518480156359,groß,8.768058097368407,0.8265434572894795,2023,11.265525998401428,0
B-458648,57d3fdfa-f6ca-4c3e-ab2c-48b801d7387b,2023-01-05T16:12:02.940Z,2023-01-05T16:23:12.377Z,10.195352197097664,mittel,7.083538731938325,0.9503566999457227,2022,11.157286384459116,1
B-173958,f628c928-1987-43e0-bd64-bcf4905308bf,2023-01-05T16:28:12.377Z,2023-01-05T16:41:26.938Z,8.453980432289066,mittel,7.002431209942403,0.9277397367793887,2022,13.242693479938204,0
B-222693,cc78a654-552c-4a33-8d91-22fd5b0bffb6,2023-01-05T16:46:26.938Z,2023-01-05T17:00:20.716Z,10.049020348517885,groß,10.113298948564282,0.8833134836021761,2024,13.896285900944099,1
B-661024,5f0fee94-c4c6-4c76-83fc-ecdf66173887,2023-01-05T17:05:20.716Z,2023-01-05T17:16:44.001Z,10.9959965824909,klein,7.8774126744062976,1.1788989261819778,2024,11.388091136936815,1
B-940344,53c5f3aa-f153-44b0-a16c-9f1b82fa6e2e,2023-01-05T17:21:44.001Z,2023-01-05T17:31:15.624Z,12.902287215590084,mittel,7.7915422497257385,1.0288681762553331,2024,9.527043426815302,1
B-855789,1bd794cb-7aa1-427f-a90d-312c481d9d36,2023-01-05T17:36:15.624Z,2023-01-05T17:50:48.556Z,11.918541652170413,mittel,9.24882909985622,0.9935670276823972,2024,14.548880455697807,0
B-201336,062cfb60-297e-45f8-b140-7c970929518d,2023-01-05T17:55:48.556Z,2023-01-05T18:07:37.116Z,14.306364915023114,groß,12.546051567017063,0.9203467372945875,2024,11.809317817606635,0
B-319357,868f075e-ee53-42ac-9887-7c670894f0ce,2023-01-05T18:12:37.116Z,2023-01-05T18:28:04.754Z,8.4653048742239,mittel,8.730591353599713,0.9757940752707591,2023,15.460643629714337,0
B-386860,5516f478-8e1b-4d2a-890d-356400debbfb,2023-01-05T18:33:04.754Z,2023-01-05T18:40:35.284Z,11.744641273441356,klein,8.166163424300668,1.19776346186036,2024,7.508828204869674,1
B-572344,bead2724-a5ba-40da-b016-80fa1f3cbfea,2023-01-05T18:45:35.284Z,2023-01-05T18:57:58.732Z,10.366684011476703,groß,8.790046432417885,0.8480628552505228,2024,12.39080644256664,0
B-380780,00b3b6b5-ad5d-4a14-add7-208f9594a2e5,2023-01-05T19:02:58.732Z,2023-01-05T19:18:48.965Z,14.379605866435345,klein,11.038374236368224,1.119582461766033,2023,15.837212667752416,0
B-364000,6041604b-9e83-4706-9ad5-c4b32f4d3c46,2023-01-05T19:23:48.965Z,2023-01-05T19:35:06.573Z,8.383403429289697,groß,6.600774389127622,0.8796265153658881,2023,11.293471729123684,0
B-659105,318067fb-36ce-450a-8e8c-4ddab6a95c53,2023-01-05T19:40:06.573Z,2023-01-05T19:51:39.514Z,8.320556315638449,groß,9.300788399527793,0.8704818059341997,2022,11.549013153330728,0
B-300529,1a70e5d3-1c9b-467c-a891-e910578e36cd,2023-01-05T19:56:39.514Z,2023-01-05T20:09:14.975Z,8.801214709111957,klein,5.538001438894413,1.1678486379633461,2023,12.591023383180678,1
B-836309,fb7aa2e9-04a5-4149-871b-7d530d1c7c9e,2023-01-05T20:14:14.975Z,2023-01-05T20:25:07.920Z,5.752208551380386,mittel,5,1.00406392110281,2022,10.882408362230086,0
B-587800,0a4ba9d2-309a-4214-a508-6aa8c0e1aaee,2023-01-05T20:30:07.920Z,2023-01-05T20:41:30.471Z,8.948489956638477,klein,7.626485137076216,1.1481053459141584,2022,11.375856135894534,0
B-646961,29f0c0dc-75d4-49e8-bafe-4623433cddb1,2023-01-05T20:46:30.471Z,2023-01-05T20:57:49.934Z,8.481734676892604,mittel,7.87117406645343,1.119418599643522,2022,11.324369811617194,0
B-402001,d534a53d-f86b-411a-bbe5-44a2812761f5,2023-01-05T21:02:49.934Z,2023-01-05T21:13:34.643Z,10.300787572952416,mittel,8.338613211832829,1.0592128322598087,2024,10.745158531147254,0
B-880826,e24407b7-444d-417b-b4cb-6fb32d3c43ba,2023-01-05T21:18:34.643Z,2023-01-05T21:33:02.106Z,10.683511951554319,mittel,8.854860100747556,1.0361413447492756,2023,14.457713100401119,1
B-401054,905d9d3b-aabb-4ac9-ba6b-46af3eccbcfb,2023-01-05T21:38:02.106Z,2023-01-05T21:50:57.435Z,13.752341678431772,groß,10.610224775323628,0.8555899579101693,2023,12.92215606459287,1
B-281897,8180923e-9b87-4f2c-a03d-d1d120b12b55,2023-01-05T21:55:57.435Z,2023-01-05T22:08:27.511Z,11.9008476763721,mittel,9.789805082342788,1.0503578600298336,2023,12.501256464206604,0
B-330827,4325f875-ddb1-4912-9fd9-b55a8afe0cc1,2023-01-05T22:13:27.511Z,2023-01-05T22:27:04.539Z,8.846192688675194,mittel,6.733761875442744,1.0258997388195725,2022,13.617142013780233,0
B-360166,bb5751c5-403b-4a11-be8b-4a846ab30691,2023-01-05T22:32:04.539Z,2023-01-05T22:43:32.816Z,8.203170657303284,groß,7.184108415698678,0.8513102376387017,2022,11.471288333593066,0
B-148071,d7565fd1-acc8-44c1-9877-85ab21686474,2023-01-05T22:48:32.816Z,2023-01-05T22:58:59.912Z,10.983838343013012,groß,8.417460338366777,0.8348217837367042,2024,10.4515923632942,1
B-806010,c60a5f38-119f-477e-8291-6c6e54018b85,2023-01-05T23:03:59.912Z,2023-01-05T23:14:47.597Z,7.359533585958715,klein,6.264727262669159,1.1459541331168654,2022,10.794751390770886,1
B-426521,95b5cf7f-ec00-4523-86ee-aabdec32080a,2023-01-05T23:19:47.597Z,2023-01-05T23:31:47.811Z,13.662917531708707,groß,10.90107121168199,0.8,2023,12.003566082209218,1
B-691610,3ae38ae5-96f7-4da2-b768-627a5726b085,2023-01-05T23:36:47.811Z,2023-01-05T23:46:40.706Z,12.358880241442574,klein,11.013154443926227,1.160530041964882,2023,9.881576583254196,0
B-476149,10e8f037-f207-4b43-80b2-1306432337d7,2023-01-05T23:51:40.706Z,2023-01-06T00:02:40.674Z,9.061648695790591,groß,7.197925233043987,0.825576195994482,2022,10.99947796682665,1
B-338536,c01211e4-d8f1-45ac-bd3e-0c21c9cc0a75,2023-01-06T00:07:40.674Z,2023-01-06T00:18:38.740Z,6.573730941818245,klein,5,1.2,2022,10.967766716257131,1
B-622161,a63fff40-095c-4ca1-beed-c0c9abfc8130,2023-01-06T00:23:38.740Z,2023-01-06T00:39:53.687Z,12.707744748330825,klein,11.428117299378652,1.1509672035405876,2024,16.24911245965803,0
B-170880,57bb7f21-3ded-48d3-be98-2f3949819222,2023-01-06T00:44:53.687Z,2023-01-06T00:51:20.829Z,9.770920309494764,mittel,6.911003946733193,0.940551829023252,2022,6.452370120132167,0
B-109768,c487f77f-ab78-4d38-a79a-1fd722938c3c,2023-01-06T00:56:20.829Z,2023-01-06T01:07:59.275Z,12.475632623946924,mittel,9.326739760508719,0.9975059922935942,2024,11.640760557188733,1
B-995572,cf87b4c6-41e2-4e83-9820-5150b0ba3594,2023-01-06T01:12:59.275Z,2023-01-06T01:28:26.358Z,6.811144682411266,mittel,5,0.9476939457468748,2022,15.451387585629542,0
B-739301,e775e0a2-8027-4b7f-a9ae-8959f5c293f7,2023-01-06T01:33:26.358Z,2023-01-06T01:45:40.979Z,8.801249954092455,klein,8.415438056444781,1.1736703707856233,2022,12.243688928264907,0
B-863186,95d19f91-d406-465d-aae9-a60a9fa022fc,2023-01-06T01:50:40.979Z,2023-01-06T02:04:11.390Z,10.010487399436366,mittel,5.872715705570398,1.0145473682169743,2024,13.506834946842186,0
B-399872,618b4a6a-a5e6-4527-808b-e121d7b831c9,2023-01-06T02:09:11.390Z,2023-01-06T02:21:23.369Z,10.093961187529484,groß,11.21291748368358,0.8978919815554134,2024,12.199652630199536,0
B-742554,e2addba5-d583-4589-a5d6-19ee83046d9f,2023-01-06T02:26:23.369Z,2023-01-06T02:37:03.289Z,9.099869057041513,mittel,8.335952054699263,0.9604559104152717,2022,10.66533323756704,0
B-994639,2c5d7775-0aa3-41a5-92c7-8300f34f1d0e,2023-01-06T02:42:03.289Z,2023-01-06T02:49:34.259Z,11.245699864694998,klein,9.219798805885159,1.1517004048114072,2023,7.516168130982174,0
B-380607,845e95c7-ea8d-4df4-8503-58e16e669bcb,2023-01-06T02:54:34.259Z,2023-01-06T03:06:58.913Z,7.864759141234812,mittel,6.236913312371563,0.9317489102286682,2022,12.410911374072606,1
B-437963,73a8d3b5-bff6-4699-bdf8-4c0b53109e7c,2023-01-06T03:11:58.913Z,2023-01-06T03:22:25.841Z,9.715241029957413,klein,8.057746898823588,1.1850747390962357,2024,10.448786790795218,1
B-496367,c053ad5c-7800-48cf-9beb-2bd3fcb2c445,2023-01-06T03:27:25.841Z,2023-01-06T03:37:49.800Z,10.240591263423799,groß,8.713595439118379,0.875943559022006,2024,10.399329187669393,1
B-767779,ab65fb82-0c56-4c9d-afaf-2f915eb1f6ec,2023-01-06T03:42:49.800Z,2023-01-06T03:53:49.922Z,11.028877668117499,groß,9.468317720444055,0.8747902510513785,2024,11.002025488041776,0
B-662165,e82c17da-bcdb-4ab9-9644-bd1bc2121b23,2023-01-06T03:58:49.922Z,2023-01-06T04:14:19.305Z,11.42322975617778,mittel,9.694188270945672,1.000080951567847,2024,15.489722813246987,0
B-168863,17d19110-e776-475e-999e-a19bdbb2c171,2023-01-06T04:19:19.305Z,2023-01-06T04:36:07.886Z,7.750715816324261,mittel,6.290153334314658,1.0207386445394395,2022,16.809675084507944,0
B-999652,5120634b-ae05-4418-9f8c-bc7926ee4b93,2023-01-06T04:41:07.886Z,2023-01-06T04:53:33.951Z,6.931771658528755,mittel,5.348078906515679,1.0802169554154297,2023,12.434415875056802,0
B-181433,de9d60a2-81d2-4eae-8499-6ebb52c5027b,2023-01-06T04:58:33.951Z,2023-01-06T05:09:38.179Z,12.555353643797018,mittel,9.893009631384103,0.9857452871478993,2024,11.070465552176545,0
B-414813,905d9d3b-aabb-4ac9-ba6b-46af3eccbcfb,2023-01-06T05:14:38.179Z,2023-01-06T05:24:16.912Z,10.664628023959184,groß,8.336794138814666,0.8569322591855042,2022,9.645547165097579,1
B-691951,cf931358-32fd-4a4f-b21b-77fef332563e,2023-01-06T05:29:16.912Z,2023-01-06T05:42:13.136Z,8.503026926886893,mittel,7.936191638376579,0.9456936850409295,2023,12.937080323092138,0
B-580108,91b02e4d-5efb-4776-9523-20884766dd46,2023-01-06T05:47:13.136Z,2023-01-06T06:02:47.085Z,13.102303951045046,mittel,11.0753998831169,0.9565869519200834,2024,15.565811200130288,0
B-198037,f2c0bb9b-be88-454c-b3e2-57a8d5250fd8,2023-01-06T06:07:47.085Z,2023-01-06T06:19:17.404Z,10.231349268585717,mittel,5.244690780204293,1.0048906646546654,2024,11.505319225949686,0
B-258222,adc5ecd1-1c92-41a9-9e58-92999768aeb6,2023-01-06T06:24:17.404Z,2023-01-06T06:31:31.925Z,12.358594368127653,mittel,10.542776271031883,1.0551966773350954,2023,7.2420079184935515,0
B-200196,c551bec4-c9c1-4c4f-9dc2-4cbb0c0c65c6,2023-01-06T06:36:31.925Z,2023-01-06T06:49:52.331Z,10.135036962820218,groß,8.30276576497495,0.8371859587874213,2024,13.340099343631048,1
B-531623,1bb07f37-77dc-448b-a709-6232bd286f08,2023-01-06T06:54:52.331Z,2023-01-06T07:08:50.579Z,14.121495849763974,mittel,11.278487923365281,0.9882041735343938,2023,13.970799422900098,1
B-640726,71926e37-fd5a-4845-af69-62c39409e030,2023-01-06T07:13:50.579Z,2023-01-06T07:22:40.277Z,13.510681684886409,mittel,10.420026894820243,0.9796557377747812,2024,8.828308719228305,0
B-702359,a2818b49-8d30-4afb-a065-0953a84f19d1,2023-01-06T07:27:40.277Z,2023-01-06T07:40:01.455Z,9.502071703041853,klein,8.725770082419496,1.1232621664577838,2022,12.352968367325905,0
B-509418,9a8be942-047c-4b74-b9df-04ed2fcfc389,2023-01-06T07:45:01.455Z,2023-01-06T07:57:55.602Z,11.94314190190871,mittel,10.502039983649826,1.014748572785441,2024,12.902452032272198,0
B-529133,6514d01e-9793-47b2-8900-18f73f69a221,2023-01-06T08:02:55.602Z,2023-01-06T08:14:46.829Z,11.290751899170296,mittel,8.259723851512629,0.9251371177410678,2024,11.853785395982124,1
B-977255,4642f6aa-5778-483a-8f11-14ee08c3543a,2023-01-06T08:19:46.829Z,2023-01-06T08:30:11.937Z,12.737263115064698,klein,10.596862779176295,1.2,2023,10.418458161829292,0
B-539010,f0bc924f-cb87-42c6-9ebd-beda382ce475,2023-01-06T08:35:11.937Z,2023-01-06T08:49:13.849Z,8.070153078839791,klein,5.484465728530547,1.1167288850935269,2022,14.031874447127112,0
B-807797,709fb2ea-c268-48ea-932b-a3f6e4550a69,2023-01-06T08:54:13.849Z,2023-01-06T09:05:25.444Z,11.372102919996879,mittel,7.718064171208572,1.0360951742719071,2023,11.193240508062635,0
B-468217,5b5ea535-db93-4fcb-9fd8-4e45f8890cbc,2023-01-06T09:10:25.444Z,2023-01-06T09:19:27.222Z,12.116848973699176,mittel,9.066761954369376,0.9365000701303062,2024,9.029627674600135,0
B-166450,f3534af1-57e2-4c40-9ece-3973957185cf,2023-01-06T09:24:27.222Z,2023-01-06T09:32:21.285Z,6.482521027153771,mittel,6.048410294105776,1.0334420065273109,2022,7.901051028660638,0
B-476589,c607a213-0491-4431-8069-605b33a5f72c,2023-01-06T09:37:21.285Z,2023-01-06T09:51:52.587Z,7.63348297466845,klein,7.0599114251108475,1.1835972303907247,2022,14.52169903999862,0
B-538031,7fefa7a3-c949-4cd3-8462-4a86976c314c,2023-01-06T09:56:52.587Z,2023-01-06T10:10:06.586Z,5.921535644479799,mittel,5.250313935681133,1.0192101036002947,2022,13.233327952942236,0
B-106482,b11c1744-1f2f-46ce-a93e-cb5fc08957cb,2023-01-06T10:15:06.586Z,2023-01-06T10:27:17.143Z,9.461186331110884,klein,8.294044851736706,1.1002785739100103,2022,12.175947094258339,0
B-586150,0129d34c-a5cf-4638-82a0-494f54598aba,2023-01-06T10:32:17.143Z,2023-01-06T10:43:24.310Z,11.435084511591924,mittel,9.664245896388497,1.0124774094799038,2024,11.119450726298393,1
B-419078,91214ec7-677c-4dbe-854a-ffda1de1d518,2023-01-06T10:48:24.310Z,2023-01-06T10:59:20.830Z,13.004714104192056,klein,9.762289688130693,1.0908471907632804,2023,10.942003171593747,0
B-927056,0d95e5e9-e862-49f7-8e37-c56648482d55,2023-01-06T11:04:20.830Z,2023-01-06T11:14:11.742Z,10.148189560839551,klein,8.55047419334558,1.1373618372451906,2024,9.848526703116777,0
B-165331,d2280c57-7e76-4e22-880a-55fc7f92f20f,2023-01-06T11:19:11.742Z,2023-01-06T11:30:19.967Z,13.257231091142584,klein,11.40619439814175,1.2,2024,11.13708871088023,1
B-893699,8ad2658d-38dc-4e36-a412-00cbc48ec1d8,2023-01-06T11:35:19.967Z,2023-01-06T11:43:05.557Z,7.239797083570217,mittel,6.546128996669748,1.0398350963535372,2023,7.759825569759651,1
B-592589,7e80404e-52db-4979-80cf-34365c4c6088,2023-01-06T11:48:05.557Z,2023-01-06T11:58:37.229Z,6.593235121289691,klein,6.463501468506395,1.1507591471270215,2023,10.527872693062971,0
B-577647,cf1d2268-b220-4d62-9225-ea1dd207600c,2023-01-06T12:03:37.229Z,2023-01-06T12:14:59.917Z,9.888904602206763,mittel,8.619427528966474,0.9512596712038579,2022,11.378124967297813,0
B-769949,8ad2658d-38dc-4e36-a412-00cbc48ec1d8,2023-01-06T12:19:59.917Z,2023-01-06T12:33:13.102Z,10.768130897878615,mittel,8.965952925844476,1.0322793856087096,2024,13.219760094380838,0
B-541055,cf931358-32fd-4a4f-b21b-77fef332563e,2023-01-06T12:38:13.102Z,2023-01-06T12:50:08.311Z,9.934610503811815,mittel,9.017838641365879,1.0009690618849012,2023,11.920147073253272,1
B-835435,b0a9dad7-a674-4c21-bce8-bc4e1bc0a8f8,2023-01-06T12:55:08.311Z,2023-01-06T13:08:43.702Z,5.865115799920247,mittel,5,0.8839842200884789,2022,13.589846227751117,1
B-948048,8924ac6a-de65-45cd-b1fd-a43a30902a1d,2023-01-06T13:13:43.702Z,2023-01-06T13:28:25.598Z,9.821759920974424,groß,6.975533285551822,0.8891314913158259,2022,14.698270210226859,0
B-135864,1bd794cb-7aa1-427f-a90d-312c481d9d36,2023-01-06T13:33:25.598Z,2023-01-06T13:47:32.578Z,7.391060998990294,klein,5.749781835248472,1.1487883583065153,2022,14.116340187648204,0
B-905790,17d19110-e776-475e-999e-a19bdbb2c171,2023-01-06T13:52:32.578Z,2023-01-06T14:05:29.040Z,11.339345097660077,mittel,8.326573433321613,1.0601225623991537,2023,12.941019694757113,0
B-836837,317cc5ad-f8c8-4574-8c08-996961cb7d6e,2023-01-06T14:10:29.040Z,2023-01-06T14:22:30.463Z,10.733196492193697,klein,7.911378918780576,1.0952364740578597,2024,12.023725358361569,0
B-170749,d76fe57d-d5ab-434b-aa10-755c298caadd,2023-01-06T14:27:30.463Z,2023-01-06T14:37:32.769Z,8.120240427345289,klein,6.351673671160714,0.9911648093401999,2024,10.038423983172882,0
B-806617,0d95e5e9-e862-49f7-8e37-c56648482d55,2023-01-06T14:42:32.769Z,2023-01-06T14:56:01.562Z,8.972266165326612,mittel,6.385393011261328,1.0139541929172593,2022,13.479888102758633,0
B-488242,e91a9d9c-9a01-425b-bb79-debfe6028be9,2023-01-06T15:01:01.562Z,2023-01-06T15:16:23.132Z,7.881572956222097,mittel,5.997296835338639,1.0145781838340986,2023,15.359494764443058,0
B-552334,4813c998-f625-407e-87d8-af3b81bf9fb5,2023-01-06T15:21:23.132Z,2023-01-06T15:34:04.184Z,9.874641805453656,groß,6.0060987774091394,0.8,2022,12.684212079300837,0
B-192052,3ae1eff0-679c-4f7b-832f-d84a4ae297c5,2023-01-06T15:39:04.184Z,2023-01-06T15:54:54.255Z,11.910284641002477,mittel,9.741521420174921,0.9510750227066697,2024,15.834518296852245,0
B-585480,bfbf2dc9-7340-488c-903a-090dc873809d,2023-01-06T15:59:54.255Z,2023-01-06T16:08:51.187Z,8.028547907328912,groß,6.424043801225354,0.9877608871859951,2023,8.948856583877832,0
B-165383,19d2ec8d-2e9e-4d21-bfb2-d0094ba1edc8,2023-01-06T16:13:51.187Z,2023-01-06T16:23:32.687Z,11.008093031035688,klein,7.98938579376036,1.1347194692923097,2024,9.691673230440918,0
B-866276,4e362a5a-c75b-488c-b335-f96088493ceb,2023-01-06T16:28:32.687Z,2023-01-06T16:42:15.311Z,8.939484763255118,klein,7.8108334790365,1.1865479488188106,2022,13.710403015496524,0
B-638811,ab0aecc3-6dc3-4f95-8456-a4bd58ce2846,2023-01-06T16:47:15.311Z,2023-01-06T16:59:47.026Z,8.414254335475311,klein,7.668973606006808,1.1174670086315808,2022,12.528580420306502,1
B-841837,f61939ba-c54c-4b66-8114-4808c7b3ca7a,2023-01-06T17:04:47.026Z,2023-01-06T17:19:24.680Z,9.785939280090885,klein,6.221191559703734,1.0454848550573421,2022,14.627564353143615,0
B-277193,25122a5b-d05c-414d-9f61-bdac3f8294f9,2023-01-06T17:24:24.680Z,2023-01-06T17:36:22.823Z,7.929515355161252,mittel,5.580887505562787,0.9914870876602048,2022,11.96905671854652,1
B-743754,3ad308bf-44ac-4eba-81c6-71283944a65c,2023-01-06T17:41:22.823Z,2023-01-06T17:51:38.666Z,8.892701389305635,mittel,6.345018761657211,0.9867197719856947,2023,10.264049154943336,0
B-528999,e775e0a2-8027-4b7f-a9ae-8959f5c293f7,2023-01-06T17:56:38.666Z,2023-01-06T18:08:13.035Z,7.6042442148223035,klein,5.143492270748979,1.1300060880665814,2022,11.572813515589916,1
B-794713,c36e497e-c939-4835-8199-f8560ebbf93d,2023-01-06T18:13:13.035Z,2023-01-06T18:22:09.113Z,13.929450265832779,groß,11.973035054597972,0.8442679582246804,2024,8.934632058152532,1
B-248479,16dab3a7-a7a9-4351-988e-15e6f5c785d4,2023-01-06T18:27:09.113Z,2023-01-06T18:36:53.682Z,10.070527103943457,groß,7.8625955443819615,0.8632134135822818,2024,9.74281865380593,0
B-480331,2a61263f-eaed-4821-8ad7-b346148cc3d7,2023-01-06T18:41:53.682Z,2023-01-06T18:55:50.375Z,8.600548984014829,klein,6.615924345901252,1.1424941524373096,2023,13.94488799583602,0
B-736867,43ec76cc-9771-41c1-8280-a43432b4db77,2023-01-06T19:00:50.375Z,2023-01-06T19:14:35.110Z,10.427959821468445,klein,6.338505492768002,1.0867996916026317,2023,13.745574828939219,0
B-357318,469d2c16-d14d-4e59-8b7f-f7ad0de00ed0,2023-01-06T19:19:35.110Z,2023-01-06T19:32:18.670Z,9.77534390061834,klein,8.4556931507039,1.174309239578097,2022,12.726008569612153,1
B-858145,43ec76cc-9771-41c1-8280-a43432b4db77,2023-01-06T19:37:18.670Z,2023-01-06T19:45:52.141Z,9.558060800933553,klein,6.407190245893371,1.0525314122338787,2022,8.55784495807906,0
B-834503,4c224303-4ce0-4930-b6f2-e2b4c3f9baa2,2023-01-06T19:50:52.141Z,2023-01-06T20:02:09.133Z,11.22833340008685,klein,9.042599350335808,1.04748212713579,2022,11.283192848974222,0
B-139195,621f25f8-61ee-4d5d-925c-1f17843b0642,2023-01-06T20:07:09.133Z,2023-01-06T20:16:42.133Z,11.51501542009461,mittel,9.48938927403388,1.0369590247350784,2024,9.550000222679898,0
B-280250,990e7ae9-e726-4436-a5ca-8f33c82a8a57,2023-01-06T20:21:42.133Z,2023-01-06T20:36:03.317Z,8.938997704778945,klein,8.511856759661807,1.1753510136067677,2023,14.35306650757553,1
B-595559,3180f770-b008-4775-951e-89ed9a94c012,2023-01-06T20:41:03.317Z,2023-01-06T20:51:53.270Z,8.84836351871064,mittel,5.7698704158494,0.9971302317462982,2023,10.832555732874798,0
B-286042,abd9681d-de88-47dc-9ad6-4a18de8e22df,2023-01-06T20:56:53.270Z,2023-01-06T21:06:42.980Z,9.449896605696711,groß,5,0.8,2023,9.8285045784369,0
B-746863,4bd81de3-b8db-4af7-bfe8-e550c80a84b9,2023-01-06T21:11:42.980Z,2023-01-06T21:23:46.556Z,5.39615767052883,mittel,5,0.9646044529662963,2022,12.059592330242848,0
B-292258,16388aac-712b-4253-a8f2-974eb3d13006,2023-01-06T21:28:46.556Z,2023-01-06T21:39:29.737Z,6.9696178756028955,groß,7.37620548199317,0.8368626626156748,2023,10.719691086330776,0
B-900023,618b4a6a-a5e6-4527-808b-e121d7b831c9,2023-01-06T21:44:29.737Z,2023-01-06T21:59:27.787Z,12.733748534889049,klein,11.425945180850677,1.0702053015712942,2023,14.967487820407413,0
B-291367,40fadd1b-cf79-4e3e-9466-1d9e1afccb94,2023-01-06T22:04:27.787Z,2023-01-06T22:14:59.609Z,13.289935427002568,mittel,10.84160775687668,0.9630485670988383,2024,10.530378204931619,0
B-136277,905d9d3b-aabb-4ac9-ba6b-46af3eccbcfb,2023-01-06T22:19:59.609Z,2023-01-06T22:29:11.702Z,9.501927920887244,mittel,7.109906151077748,1.032616516908834,2022,9.201543481550738,1
B-519316,24e7462c-308a-4730-846c-095a2cb9c287,2023-01-06T22:34:11.702Z,2023-01-06T22:41:53.352Z,11.153113926111534,klein,9.729613737526536,1.2,2024,7.694172968484969,1
B-924619,c3b768ad-af18-43b7-9f08-5f3b9496dcc6,2023-01-06T22:46:53.352Z,2023-01-06T22:58:49.658Z,10.622500309087073,klein,7.5244540475651895,1.1290282623670724,2024,11.93842699517317,1
B-105233,f1fb4a11-cee3-4625-bf9d-255beff4c1db,2023-01-06T23:03:49.658Z,2023-01-06T23:14:42.226Z,15,mittel,12.47635776935622,1.037824417715805,2024,10.876139772284148,0
B-981704,c6444f55-6eb6-412b-9ee1-79e5ff1eddf5,2023-01-06T23:19:42.226Z,2023-01-06T23:28:50.758Z,12.239149822869154,mittel,10.296790017461952,0.9042969964706267,2024,9.142190786976546,1
B-208046,dbf0ac9c-e489-4c4a-9f94-9fe9f215bcc5,2023-01-06T23:33:50.758Z,2023-01-06T23:48:13.465Z,9.744164817038467,mittel,8.855541761129654,1.0329725620556807,2022,14.37845292251157,0
B-806444,6c6f51da-2fe8-4523-a85c-ab405a3b9206,2023-01-06T23:53:13.465Z,2023-01-07T00:06:33.534Z,8.088919118799149,mittel,9.230795333950397,0.959802579263626,2022,13.334490294858483,0
B-950799,151e1cb1-fb24-4ba6-b6de-1d409930fef6,2023-01-07T00:11:33.534Z,2023-01-07T00:23:30.148Z,6.787107359484855,mittel,5.822101854766651,1.0153672808353984,2022,11.943564242125541,1
B-942376,3ad308bf-44ac-4eba-81c6-71283944a65c,2023-01-07T00:28:30.148Z,2023-01-07T00:43:13.867Z,10.406927271734446,klein,7.816578191680059,1.1376123790880144,2023,14.728652488341734,1
B-240700,c23244c7-81f1-4a0c-8edf-6d3ed5448246,2023-01-07T00:48:13.867Z,2023-01-07T01:01:33.372Z,8.487298509431394,mittel,6.764264495353121,1.0660207004891917,2024,13.325072066797226,0
B-226148,0b0aa772-c803-4296-875a-e3866cce2bd3,2023-01-07T01:06:33.372Z,2023-01-07T01:16:54.629Z,7.155492580804651,klein,5,1.106278217583004,2022,10.354288196963136,1
B-781456,e4e2f9f0-0ad1-4b5e-a4b6-c3d7a9979fce,2023-01-07T01:21:54.629Z,2023-01-07T01:31:49.923Z,8.706854231514948,klein,6.2707702541229,1.1813803148780915,2022,9.921559672018468,1
B-973850,4bd81de3-b8db-4af7-bfe8-e550c80a84b9,2023-01-07T01:36:49.923Z,2023-01-07T01:50:28.080Z,7.8369039927712105,groß,5.860240756103865,0.8360246268351733,2022,13.635963088907722,0
B-236067,621f25f8-61ee-4d5d-925c-1f17843b0642,2023-01-07T01:55:28.080Z,2023-01-07T02:08:15.644Z,13.37428327014513,mittel,10.175338218181512,0.9920847260995168,2023,12.792733912934702,0
B-292212,c60a5f38-119f-477e-8291-6c6e54018b85,2023-01-07T02:13:15.644Z,2023-01-07T02:25:36.014Z,11.763279513898901,mittel,9.562978483152843,0.9908073053420395,2023,12.339495535941323,1
B-920516,c7d83577-75fc-459d-8302-6366cdeed3fc,2023-01-07T02:30:36.014Z,2023-01-07T02:40:54.434Z,9.984054717366766,mittel,7.164823841511212,0.9577163447752943,2024,10.307004394262185,0
B-721484,14a0d85b-49a9-4e11-b32c-436f625f9c69,2023-01-07T02:45:54.434Z,2023-01-07T02:59:07.388Z,12.959888277780053,mittel,11.488941289548514,0.9992950517046664,2024,13.215895134011507,0
B-738043,505ca0f3-50f7-4761-af5b-8def7787c6bf,2023-01-07T03:04:07.388Z,2023-01-07T03:14:36.728Z,10.154736615295237,klein,8.123996357154386,1.1468675888939088,2022,10.489002233732101,1
B-302505,7481bd5e-5bfd-49b6-a4f9-525ad07dd230,2023-01-07T03:19:36.728Z,2023-01-07T03:31:24.490Z,8.277431597343472,klein,6.6126449567361645,1.1620620124203365,2022,11.796026690812644,0
B-409337,4e00e850-c99f-47fa-a1d9-26addb1cfa7d,2023-01-07T03:36:24.490Z,2023-01-07T03:51:18.123Z,13.046248154539315,klein,10.109103807118535,1.154225257284643,2023,14.89388829277396,0
B-453330,3433d671-b123-4cb5-8253-ee4ddd964a89,2023-01-07T03:56:18.123Z,2023-01-07T04:06:58.823Z,11.077820087369318,mittel,9.017446753754434,1.0398997274806119,2024,10.678331528379708,0
B-868313,49fd1b9d-7217-4590-8f00-2ff124589cd7,2023-01-07T04:11:58.823Z,2023-01-07T04:20:50.064Z,7.925507691347088,mittel,7.165504417745305,1.0461754308023685,2023,8.854021485854279,0
B-869160,cf931358-32fd-4a4f-b21b-77fef332563e,2023-01-07T04:25:50.064Z,2023-01-07T04:35:43.759Z,9.619322643832783,mittel,6.828327899355327,0.9474688339086099,2022,9.894905616259779,1
B-206086,800e55be-341c-4e77-be20-70d1c07e9b7a,2023-01-07T04:40:43.759Z,2023-01-07T04:54:43.074Z,8.248763493230486,mittel,5.940894305509133,1.0434386250295387,2023,13.988597653375246,0
B-116387,a09d9014-4924-4799-a40a-e8f2fe42ff36,2023-01-07T04:59:43.074Z,2023-01-07T05:12:13.642Z,7.234400538071328,groß,5.483794401680398,0.8,2023,12.50946227476042,0
B-928243,3ae38ae5-96f7-4da2-b768-627a5726b085,2023-01-07T05:17:13.642Z,2023-01-07T05:28:58.177Z,11.852355095063283,klein,8.136013152577412,1.1793927944068867,2024,11.742245242622493,1
B-915007,3ae1eff0-679c-4f7b-832f-d84a4ae297c5,2023-01-07T05:33:58.177Z,2023-01-07T05:44:57.086Z,13.818833280940261,klein,10.235808765030711,1.1809869392351433,2024,10.981812389376861,1
B-214215,618b4a6a-a5e6-4527-808b-e121d7b831c9,2023-01-07T05:49:57.086Z,2023-01-07T06:02:55.329Z,7.202864852361717,mittel,5.286071008344715,0.9044341554168748,2023,12.97071981510638,0
B-809996,4813c998-f625-407e-87d8-af3b81bf9fb5,2023-01-07T06:07:55.329Z,2023-01-07T06:18:13.436Z,11.125938473381142,mittel,9.775139959417642,1.0046489623264705,2024,10.301790298019553,1
B-366283,4b41070a-bdb6-4f55-8cd7-5dd6acf8a1f1,2023-01-07T06:23:13.436Z,2023-01-07T06:35:50.116Z,8.698714861756347,groß,7.221533218407003,0.8265751943319842,2022,12.611331137285191,0
B-248805,91b02e4d-5efb-4776-9523-20884766dd46,2023-01-07T06:40:50.116Z,2023-01-07T06:51:22.366Z,9.025749232470607,klein,7.414189297344031,1.112061737103231,2022,10.537490862374087,0
B-810074,f1fb4a11-cee3-4625-bf9d-255beff4c1db,2023-01-07T06:56:22.366Z,2023-01-07T07:06:34.646Z,8.815212151522262,groß,7.903067683385782,0.9175426165349503,2022,10.204681229449893,0
B-939552,cbe47164-fc30-4f72-9816-7003aa630b75,2023-01-07T07:11:34.646Z,2023-01-07T07:22:18.148Z,8.272018460640368,groß,6.480242980112898,0.817316042968129,2022,10.725025130349977,0
B-317546,1753c22a-4a6f-4e3c-8638-006d3d2e783f,2023-01-07T07:27:18.148Z,2023-01-07T07:38:33.099Z,10.097043255889654,klein,8.468099454640614,1.1096811535440974,2024,11.249185107032076,0
B-283561,c7d83577-75fc-459d-8302-6366cdeed3fc,2023-01-07T07:43:33.099Z,2023-01-07T07:55:27.240Z,8.338099767177924,mittel,6.567258060809843,1.0037847470002548,2022,11.902340328132594,0
B-436470,1bae2652-e1f5-4dc2-a510-836da2c3ba7b,2023-01-07T08:00:27.240Z,2023-01-07T08:12:55.494Z,10.540913651559677,mittel,8.698093270647371,1.0342794873149208,2024,12.47091159022223,0
B-720646,4642f6aa-5778-483a-8f11-14ee08c3543a,2023-01-07T08:17:55.494Z,2023-01-07T08:22:55.494Z,9.899523781101726,groß,7.336860367269799,0.8429175706994936,2023,5,0
B-779794,c782be15-9fec-445a-bd0e-ef8144fdcdce,2023-01-07T08:27:55.494Z,2023-01-07T08:38:18.576Z,9.52210390626718,klein,5.178865966737316,1.2,2024,10.38469888450647,0
B-683953,a09d9014-4924-4799-a40a-e8f2fe42ff36,2023-01-07T08:43:18.576Z,2023-01-07T08:54:31.588Z,8.184872675916804,mittel,6.41361897854714,1.0265487830982045,2023,11.216860045287921,0
B-472120,f2c0bb9b-be88-454c-b3e2-57a8d5250fd8,2023-01-07T08:59:31.588Z,2023-01-07T09:14:32.195Z,8.846457338863335,mittel,8.499914007190608,0.8910894340134284,2022,15.010124077216659,0
B-880170,99d1d5bc-5180-44a7-a085-79747250c65e,2023-01-07T09:19:32.195Z,2023-01-07T09:29:22.595Z,11.510782451651512,mittel,10.134841363562801,0.9735266518246496,2022,9.839994783235735,0
B-854340,a09d9014-4924-4799-a40a-e8f2fe42ff36,2023-01-07T09:34:22.595Z,2023-01-07T09:46:42.130Z,11.001834375248762,mittel,9.76686498479018,0.971907895032415,2024,12.325593236199825,0
B-240251,e6dfb382-81d4-4f6d-a1af-a9a92bc46936,2023-01-07T09:51:42.130Z,2023-01-07T10:06:41.534Z,8.044889510402898,mittel,7.672042330128536,1.0239680476714712,2022,14.990060619471675,0
B-209073,fb6512fa-4b6a-46b1-9711-02ba3751777e,2023-01-07T10:11:41.534Z,2023-01-07T10:21:03.978Z,10.19866461085845,groß,8.2475892796482,0.8,2022,9.374062940105453,0
B-530092,d534a53d-f86b-411a-bbe5-44a2812761f5,2023-01-07T10:26:03.978Z,2023-01-07T10:38:51.255Z,11.502774246743577,groß,9.399535104800457,0.9774504854358861,2023,12.787950451728804,0
B-454283,7a471b60-2ab8-435b-b560-aa6fc7dad2d1,2023-01-07T10:43:51.255Z,2023-01-07T10:54:14.982Z,6.6611894377572565,groß,5,0.8765513047447104,2023,10.395456332130959,1
B-463230,19d2ec8d-2e9e-4d21-bfb2-d0094ba1edc8,2023-01-07T10:59:14.982Z,2023-01-07T11:10:14.426Z,11.08672038475987,klein,8.553303451780845,1.1574438401958844,2023,10.99073251542153,1
B-926636,ac5c7664-ad27-479f-91e7-86941f7e5cd4,2023-01-07T11:15:14.426Z,2023-01-07T11:25:38.053Z,8.674752482108307,mittel,7.555573135457788,1.0590783858209574,2022,10.39377833209337,1
B-451822,5e02b5b7-813b-41b7-a59c-c2e9e5c9010b,2023-01-07T11:30:38.053Z,2023-01-07T11:41:10.230Z,11.141197337186318,klein,10.11684230691787,1.2,2024,10.536285383168227,0
B-341825,58b01c0b-694e-4d23-9dd2-4e1f87cc8a0a,2023-01-07T11:46:10.230Z,2023-01-07T12:03:36.860Z,8.473481686914965,mittel,6.639339073850973,1.0435373322294201,2023,17.443824295812988,0
B-233376,416fc6d7-1ff2-460d-b3a1-d168edcb27b2,2023-01-07T12:08:36.860Z,2023-01-07T12:22:18.194Z,6.390235798670962,mittel,5,1.047440654823581,2022,13.688911744143331,0
B-322544,99a3ef5c-7867-4ee0-b5fc-fbf524f42c67,2023-01-07T12:27:18.194Z,2023-01-07T12:41:30.403Z,6.744915124233675,mittel,5.396460058243537,1.0065345012232192,2022,14.203475723572417,1
B-263149,e182d627-85b5-4c3d-862d-f554ec6f96c2,2023-01-07T12:46:30.403Z,2023-01-07T12:59:29.442Z,10.096169893322765,mittel,8.678142663587328,0.9929237123316526,2023,12.983986973672993,0
B-404051,32a16a7a-74ae-456b-b651-5587b8063c9c,2023-01-07T13:04:29.442Z,2023-01-07T13:13:16.691Z,10.519445003442964,groß,6.971701186620829,0.826210227799755,2023,8.787486423196084,0
B-117323,36a167b0-29b9-4c23-aeb7-7dbf93bff693,2023-01-07T13:18:16.691Z,2023-01-07T13:31:04.086Z,8.191366749791182,klein,5,1.1086944004142727,2022,12.789915940646614,0
B-721160,4642f6aa-5778-483a-8f11-14ee08c3543a,2023-01-07T13:36:04.086Z,2023-01-07T13:50:12.838Z,11.277184917554749,mittel,8.471211084552216,0.9656492950150252,2023,14.145859229014693,1
B-819880,795ca9e8-dd20-4656-98ff-8be7ec1748e2,2023-01-07T13:55:12.838Z,2023-01-07T14:05:30.430Z,6.67695987546208,mittel,5,0.9324722017828508,2023,10.293201051921777,0
B-856956,0f06c8ce-b9d1-4276-9640-fad7676894bc,2023-01-07T14:10:30.430Z,2023-01-07T14:24:26.269Z,9.867840402705367,klein,7.386132124516983,1.1462064274657489,2023,13.930653334322253,0
B-277985,89b03343-f3b7-4037-b43c-ae5c9af3993b,2023-01-07T14:29:26.269Z,2023-01-07T14:42:50.789Z,7.577967600475087,klein,5.914593761562599,1.0657666211386805,2022,13.408672419708157,1
B-256302,1931e795-d214-4276-bd56-608f10fb4aa1,2023-01-07T14:47:50.789Z,2023-01-07T15:03:33.034Z,8.696327784395681,groß,6.503813818493532,0.8595458262071856,2022,15.70408008962734,0
B-199313,318067fb-36ce-450a-8e8c-4ddab6a95c53,2023-01-07T15:08:33.034Z,2023-01-07T15:19:42.900Z,10.094797342632829,groß,9.528305408577008,0.8481834695978829,2024,11.164433974972763,0
B-657168,c78ea195-5f89-4b24-a2cb-7a6fc0b3605d,2023-01-07T15:24:42.900Z,2023-01-07T15:34:31.187Z,8.279173269432095,groß,6.950083380147996,0.8573467649193344,2022,9.804778035448546,0
B-219765,618b4a6a-a5e6-4527-808b-e121d7b831c9,2023-01-07T15:39:31.187Z,2023-01-07T15:50:47.791Z,9.23088891154035,groß,7.685185488843108,0.8238934214990004,2022,11.27674378125491,0
B-833532,3180f770-b008-4775-951e-89ed9a94c012,2023-01-07T15:55:47.791Z,2023-01-07T16:10:40.060Z,12.012585618428881,klein,10.232275638786508,1.2,2024,14.871141986327247,0
B-928947,d274e69a-409f-48f1-8fbd-727df31fe16b,2023-01-07T16:15:40.060Z,2023-01-07T16:24:00.651Z,8.846216260953703,mittel,5.938139890982193,1.0680057950090156,2022,8.343188238316074,0
B-629534,ac9c8da1-f685-461b-8ece-d5a3949b8a60,2023-01-07T16:29:00.651Z,2023-01-07T16:36:52.446Z,11.671384224130284,mittel,10.376219166724496,0.9377728749957639,2022,7.8632485691379355,0
B-218802,3ae38ae5-96f7-4da2-b768-627a5726b085,2023-01-07T16:41:52.446Z,2023-01-07T16:54:03.174Z,7.740586290684764,mittel,6.116704746012352,1.011643404371345,2022,12.178790557863227,1
B-469533,c78ea195-5f89-4b24-a2cb-7a6fc0b3605d,2023-01-07T16:59:03.174Z,2023-01-07T17:10:10.063Z,11.059608355830566,mittel,9.518167301905665,0.9695996928531339,2023,11.114821414451688,0
B-445220,384c4628-057a-4e61-b1db-218fef2d88b1,2023-01-07T17:15:10.063Z,2023-01-07T17:27:10.990Z,12.8831372413158,mittel,9.234652560012485,0.9492760136646293,2023,12.01545578635137,0
B-874230,9d6b0654-c0ab-4567-b256-7316c34c04fc,2023-01-07T17:32:10.990Z,2023-01-07T17:46:04.428Z,5.056710999745421,mittel,5,0.9329963964438033,2022,13.89062354247173,0
B-696349,2fc993f6-b2e4-40a7-a071-29798329ec94,2023-01-07T17:51:04.428Z,2023-01-07T18:01:58.119Z,8.406209489059046,mittel,7.542857249272266,1.0216108345379626,2024,10.894861307762294,1
B-808100,71926e37-fd5a-4845-af69-62c39409e030,2023-01-07T18:06:58.119Z,2023-01-07T18:15:13.359Z,11.15414425436108,klein,9.29972492958638,1.1159309882465211,2024,8.25398833813876,0
B-627734,f04cd2f0-b6ec-4091-af44-9943ac8ebddc,2023-01-07T18:20:13.359Z,2023-01-07T18:36:18.696Z,9.593909227914015,mittel,6.773075827973702,1.0483913012012602,2022,16.08896311439989,0
B-965618,f24ee14e-8d65-4a36-9dc1-598898f2343f,2023-01-07T18:41:18.696Z,2023-01-07T18:51:19.029Z,10.742291746742618,mittel,7.7241703161194,1.049689110726522,2023,10.005543425122447,0
B-151793,083a5e53-c8b6-495c-842f-75febec4b115,2023-01-07T18:56:19.029Z,2023-01-07T19:06:11.945Z,8.79202962656836,mittel,8.159058485669457,1.0686957192605724,2022,9.881925755975805,0
B-580069,dd1d45eb-8869-48c8-a13d-cb4fb53f39fd,2023-01-07T19:11:11.945Z,2023-01-07T19:25:24.391Z,10.1731795749458,klein,6.9491317670893125,1.1073806616962947,2023,14.207440027445193,0
B-524327,29f0c0dc-75d4-49e8-bafe-4623433cddb1,2023-01-07T19:30:24.391Z,2023-01-07T19:41:38.252Z,9.68864552921584,mittel,9.393589376628636,1.0237682805346004,2022,11.231021757916965,1
B-705788,616b0380-1dac-4fcc-b039-bfb1b7601e7d,2023-01-07T19:46:38.252Z,2023-01-07T19:58:30.646Z,12.335564123319614,klein,8.967830564007823,1.181622710832115,2023,11.873220295930379,0
B-180257,5a84e852-f6fa-4d6e-84a5-8bd58646dbb9,2023-01-07T20:03:30.646Z,2023-01-07T20:16:28.580Z,10.508841686602427,mittel,9.045465274890326,0.9762910912448017,2024,12.965580248120636,1
B-333156,f51697cd-1291-4d48-961d-1d5d1dfa057d,2023-01-07T20:21:28.580Z,2023-01-07T20:35:38.610Z,10.675205324150404,mittel,8.21154578357134,0.9614114021303563,2023,14.167166206219992,0
B-182277,5e41005f-6afa-4eb0-8d73-95d99b601ddc,2023-01-07T20:40:38.610Z,2023-01-07T20:51:58.595Z,9.176246067755065,mittel,7.944184285286395,1.0804760332887986,2022,11.333078613636456,1
B-579487,99a3ef5c-7867-4ee0-b5fc-fbf524f42c67,2023-01-07T20:56:58.595Z,2023-01-07T21:12:00.989Z,9.024787551855013,klein,6.675716039369818,1.1613747937866026,2023,15.039904011828598,0
B-528817,3cce6197-fd55-41c3-8e34-89fb11af841f,2023-01-07T21:17:00.989Z,2023-01-07T21:24:44.693Z,9.134883624360759,mittel,7.145113993416313,1.031798387535587,2023,7.728400302530389,0
B-448379,e4b58038-32ed-4989-b1bc-3911e787149d,2023-01-07T21:29:44.693Z,2023-01-07T21:43:15.868Z,10.788904284756594,mittel,8.672042603200998,0.9588961994086036,2024,13.519574473906154,0
B-918498,f628c928-1987-43e0-bd64-bcf4905308bf,2023-01-07T21:48:15.868Z,2023-01-07T21:58:35.124Z,9.158031038359475,mittel,6.324237374906108,0.9390357766738903,2023,10.320944883964685,0
B-622371,bffdfdff-62c6-4905-9155-3db7992585e0,2023-01-07T22:03:35.124Z,2023-01-07T22:18:19.797Z,10.579549713792826,mittel,9.204464116454387,0.9715275112753945,2024,14.744542633215982,1
B-826397,cf931358-32fd-4a4f-b21b-77fef332563e,2023-01-07T22:23:19.797Z,2023-01-07T22:35:36.842Z,14.150801597290878,mittel,10.807427711361118,0.9937989306305002,2023,12.28408895766109,0
B-246719,72e8dc51-ab4f-43e0-9654-3cf7c8ce567e,2023-01-07T22:40:36.842Z,2023-01-07T22:51:16.094Z,11.742249406863385,mittel,9.16519961015069,0.9467889996591325,2024,10.654189335981197,0
B-234406,8ad2658d-38dc-4e36-a412-00cbc48ec1d8,2023-01-07T22:56:16.094Z,2023-01-07T23:09:35.635Z,9.347952935664317,klein,6.484012973922942,1.1495077595674807,2023,13.325682186043265,0
B-100268,e1d10d14-cc9a-4af6-8161-38d9baea1236,2023-01-07T23:14:35.635Z,2023-01-07T23:28:22.817Z,12.402427844327889,klein,7.359608616667002,1.065574740596575,2023,13.786376694414503,1
B-314965,8ae22fc4-4cd6-41d2-836b-0ed0ebb06a94,2023-01-07T23:33:22.817Z,2023-01-07T23:46:39.845Z,9.183849253956897,mittel,7.156051640565349,0.9439976288765064,2022,13.283788245717277,0
B-839240,7ae6daed-80a3-4772-bba4-38165dc6228a,2023-01-07T23:51:39.845Z,2023-01-08T00:01:36.281Z,5.923750929644292,mittel,7.15161616532835,1.0335455624138437,2022,9.940607520733879,1
B-613747,c18771b3-0250-45dd-b831-a3a5c897c882,2023-01-08T00:06:36.281Z,2023-01-08T00:17:38.199Z,7.983827378165191,mittel,7.171666190430177,1.0301895260138947,2022,11.03196575275583,1
B-422729,e95d8de0-42e8-4a31-9456-fc62e188a032,2023-01-08T00:22:38.199Z,2023-01-08T00:34:37.710Z,6.258416157948289,klein,5,1.1304061617306567,2023,11.99185432575713,1
B-985399,7e80404e-52db-4979-80cf-34365c4c6088,2023-01-08T00:39:37.710Z,2023-01-08T00:51:32.759Z,9.296973031917382,klein,7.174687596325638,1.0991117845461522,2022,11.91748069469988,0
B-601431,44cc12fc-f67b-40bc-a884-1d9f8664438d,2023-01-08T00:56:32.759Z,2023-01-08T01:10:02.728Z,10.036836758379103,mittel,8.05193529951533,0.9486298224236994,2024,13.499490950876694,0
B-921465,65c7b9f9-1d77-40dc-85bf-23613b6aa932,2023-01-08T01:15:02.728Z,2023-01-08T01:23:00.940Z,13.352874624550566,klein,11.229418814815663,1.1313365877029342,2023,7.9701975349867835,0
B-387382,e1d10d14-cc9a-4af6-8161-38d9baea1236,2023-01-08T01:28:00.940Z,2023-01-08T01:40:41.060Z,10.653854747528325,mittel,7.342270982713814,1.0322259245822645,2024,12.668654109107006,1
B-682994,cbe47164-fc30-4f72-9816-7003aa630b75,2023-01-08T01:45:41.060Z,2023-01-08T01:57:06.262Z,9.561798942382271,klein,8.76376084857469,1.196412284567216,2023,11.42003729112672,1
B-782063,c7eb3963-ec22-4ddc-b4c6-bc5163ee1f1f,2023-01-08T02:02:06.262Z,2023-01-08T02:12:25.642Z,11.658811162366979,mittel,10.042430245334828,0.9751734132259016,2024,10.322998767232095,0
B-856433,c3b768ad-af18-43b7-9f08-5f3b9496dcc6,2023-01-08T02:17:25.642Z,2023-01-08T02:27:56.543Z,5.57772938198423,groß,5.180369231295319,0.8,2022,10.515026444460801,1
B-425613,e2b7f6eb-136b-46b8-a247-51024be8718d,2023-01-08T02:32:56.543Z,2023-01-08T02:44:30.799Z,10.471229116217131,klein,8.815459031783432,1.1633921818933166,2023,11.570924670964073,0
B-143034,e4b58038-32ed-4989-b1bc-3911e787149d,2023-01-08T02:49:30.799Z,2023-01-08T02:54:30.799Z,11.541730387773933,mittel,9.253000967913136,0.9588232514687075,2024,5,0
B-599837,c7761626-ddff-4437-8836-9f59fe2fbf2b,2023-01-08T02:59:30.799Z,2023-01-08T03:10:06.644Z,7.0428275084403165,klein,6.307123242719073,1.1240873680569399,2022,10.5974208584169,0
B-580336,a05c4722-5e21-4f63-b5dc-66d87236cff1,2023-01-08T03:15:06.644Z,2023-01-08T03:25:21.546Z,12.287508086413858,mittel,10.421820602872465,1.066263804521852,2023,10.248370350707413,1
B-822492,f1fb4a11-cee3-4625-bf9d-255beff4c1db,2023-01-08T03:30:21.546Z,2023-01-08T03:43:25.480Z,10.676992814988829,mittel,8.187553541050038,1.0413557714282884,2024,13.065566418645249,1
B-984973,800e55be-341c-4e77-be20-70d1c07e9b7a,2023-01-08T03:48:25.480Z,2023-01-08T03:58:48.817Z,9.169424172198397,mittel,6.7619375648618165,1.0078987156125725,2024,10.388946634978959,1
B-499141,f628c928-1987-43e0-bd64-bcf4905308bf,2023-01-08T04:03:48.817Z,2023-01-08T04:15:23.003Z,11.26556373221257,mittel,9.114307281032044,0.9364040499443639,2022,11.569772399659021,1
B-285101,8e55ea38-3270-4714-8fe7-29a139ff29e6,2023-01-08T04:20:23.003Z,2023-01-08T04:35:28.077Z,14.541385715608792,groß,13.18212872398222,0.8605698283735329,2024,15.084553255322604,0
B-680876,72e8dc51-ab4f-43e0-9654-3cf7c8ce567e,2023-01-08T04:40:28.077Z,2023-01-08T04:54:27.399Z,10.363732510116991,klein,7.051878932439693,1.2,2024,13.988703039630847,1
B-246139,204e225f-78f1-4789-834b-be8021439952,2023-01-08T04:59:27.399Z,2023-01-08T05:13:15.671Z,10.496441172600672,klein,6.929627672328098,1.1312183167117231,2023,13.804542799886905,0
B-157459,7da217d9-6b0a-479c-b65b-9884799a1c64,2023-01-08T05:18:15.671Z,2023-01-08T05:29:15.687Z,9.081278200919511,groß,7.429783401972126,0.9175557044993358,2022,11.000255139178297,1
B-271639,1df88d67-55ac-4c9b-9b50-7200cfbe1b0e,2023-01-08T05:34:15.687Z,2023-01-08T05:47:20.851Z,8.300311261070416,mittel,6.691136710712351,1.0646372644759103,2022,13.086064558579304,1
B-325944,1bca66b4-2749-49db-9003-e998618e5876,2023-01-08T05:52:20.851Z,2023-01-08T06:03:52.783Z,11.66067163308849,groß,9.5018789708412,0.9331866416071737,2023,11.532204399092812,0
B-105313,e0a1b718-3edf-44ed-9c1a-e74475671ff5,2023-01-08T06:08:52.783Z,2023-01-08T06:20:29.252Z,8.287832348182265,mittel,6.874219076454313,1.0152621563265676,2022,11.607813578646125,0
B-802129,351f2a6d-8b2e-4b77-99d8-91e4931a8313,2023-01-08T06:25:29.252Z,2023-01-08T06:38:18.414Z,10.143132474438785,groß,7.891303724916223,0.8793695849903006,2023,12.8193706874931,0
B-753922,5f0fee94-c4c6-4c76-83fc-ecdf66173887,2023-01-08T06:43:18.414Z,2023-01-08T06:54:06.775Z,9.044685106469768,mittel,8.725611523777896,1.0707093644165544,2022,10.806012823158134,1
B-796893,404aa830-2dee-4c24-aeed-bee3c91463d6,2023-01-08T06:59:06.775Z,2023-01-08T07:14:05.935Z,10.957959651492784,mittel,7.165463742717711,1.0223696968534488,2024,14.986006208886407,0
B-403788,26f5597a-9a03-4179-b42d-268a38e4efdb,2023-01-08T07:19:05.935Z,2023-01-08T07:30:46.719Z,10.667324210573897,groß,7.705362343678871,0.8249382946104893,2024,11.679739720804125,0
B-750739,6638c56c-0a7c-4bf7-b60a-ee6b140d819b,2023-01-08T07:35:46.719Z,2023-01-08T07:49:00.923Z,12.075079888515798,mittel,9.556809150663591,0.977572858173607,2022,13.23672113251933,1
B-958538,68479270-eb32-4843-aaff-c8be0208ec27,2023-01-08T07:54:00.923Z,2023-01-08T08:08:55.595Z,8.979967202290506,klein,5.540784950678238,1.161927747688687,2023,14.911200958514597,0
B-723846,abd9681d-de88-47dc-9ad6-4a18de8e22df,2023-01-08T08:13:55.595Z,2023-01-08T08:27:59.393Z,9.460250129413257,klein,7.392345699098535,1.085471928902689,2023,14.06330754915035,0
B-231179,c01211e4-d8f1-45ac-bd3e-0c21c9cc0a75,2023-01-08T08:32:59.393Z,2023-01-08T08:42:10.323Z,8.042472568435386,klein,8.095448220476326,1.1428370542317903,2022,9.18216179461895,0
B-774992,d8da16e5-1179-493a-8188-77cac80875c6,2023-01-08T08:47:10.323Z,2023-01-08T09:00:03.710Z,9.111413479847776,klein,7.310017272174183,1.2,2022,12.889791790019768,0
B-307086,35d71283-478b-4fbc-be21-f894d53b1d53,2023-01-08T09:05:03.710Z,2023-01-08T09:18:45.797Z,10.754600986089704,mittel,8.834381694590446,0.890437307441736,2024,13.701438788921294,1
B-580350,5e90b375-1422-4971-aff9-0603f1fccfaf,2023-01-08T09:23:45.797Z,2023-01-08T09:37:32.820Z,11.513977233290703,mittel,7.951017021459983,1.0767241050897258,2024,13.783726044321497,0
B-169164,4c17c290-2681-481c-9694-62328954e774,2023-01-08T09:42:32.820Z,2023-01-08T09:52:19.225Z,8.155669351644748,mittel,5.908174073276322,1.056118710935158,2022,9.773410331770737,0
B-355503,80f65459-2a70-402b-ac15-55fcf0888544,2023-01-08T09:57:19.225Z,2023-01-08T10:08:00.381Z,11.73921184021132,mittel,9.01617309184512,0.9770117692084762,2023,10.685929525965353,0
B-968215,dbfeb0c1-ae33-44dd-a243-bbec2c376b46,2023-01-08T10:13:00.381Z,2023-01-08T10:26:59.728Z,12.711275717609901,mittel,9.851305477331687,1.0271695413935904,2024,13.989116471483243,0
B-976394,bd840226-141a-4f69-a165-4a1c234e98f7,2023-01-08T10:31:59.728Z,2023-01-08T10:42:28.316Z,10.826869806447402,klein,9.94313964016169,1.1501573863453163,2022,10.476479258634708,1
B-199508,1259006a-94ef-416c-b1e5-6c828ad3e451,2023-01-08T10:47:28.316Z,2023-01-08T10:58:52.353Z,13.753591625116131,klein,11.56056436081803,1.2,2024,11.400607886671372,1
B-552019,d1690185-e211-48a1-a89e-730225ba095f,2023-01-08T11:03:52.353Z,2023-01-08T11:19:01.458Z,8.452421601792853,klein,5.650479324497251,1.199134157138497,2024,15.151751619003939,0
B-342395,ab3791a0-9e23-475e-a71d-7daaa91dc2aa,2023-01-08T11:24:01.458Z,2023-01-08T11:35:55.722Z,7.510690593377166,mittel,6.255057253133739,0.9299964638408496,2022,11.90440149923042,0
B-523441,3dc602fd-76fa-4371-90f9-60e682762a3a,2023-01-08T11:40:55.722Z,2023-01-08T11:51:28.509Z,6.442559502191443,klein,5.652269350249941,1.1793631206732087,2022,10.546451724332314,0
B-612598,fb7aa2e9-04a5-4149-871b-7d530d1c7c9e,2023-01-08T11:56:28.509Z,2023-01-08T12:06:43.195Z,12.992088622978367,klein,11.533819936903962,1.1397186073178376,2024,10.24476528627419,0
B-712288,24e7462c-308a-4730-846c-095a2cb9c287,2023-01-08T12:11:43.195Z,2023-01-08T12:24:23.121Z,11.308731312708115,mittel,10.627525736734865,1.004141628525905,2024,12.665438659170375,0
B-551965,58b01c0b-694e-4d23-9dd2-4e1f87cc8a0a,2023-01-08T12:29:23.121Z,2023-01-08T12:38:43.144Z,9.88883065817909,groß,6.895970334715404,0.8135914049515092,2022,9.333703983045583,1
B-234706,99f190d6-e37f-41d8-8a10-26a20badfdaa,2023-01-08T12:43:43.144Z,2023-01-08T12:55:13.463Z,10.55993725263964,klein,7.637092290901375,1.2,2024,11.505328072207163,0
B-494821,12c985eb-2ab2-4903-9385-7b6449a426ed,2023-01-08T13:00:13.463Z,2023-01-08T13:12:53.451Z,7.7490219054032465,mittel,5,1.0520030909951288,2022,12.666461069980043,0
B-624278,eabe56e4-a35e-4395-8d2f-44ab107d0e76,2023-01-08T13:17:53.451Z,2023-01-08T13:32:29.349Z,14.891503959233653,mittel,11.679183308279942,0.9630114418013517,2023,14.598299641095334,0
B-761330,71926e37-fd5a-4845-af69-62c39409e030,2023-01-08T13:37:29.349Z,2023-01-08T13:50:49.455Z,10.258442363950454,mittel,8.673112265606699,0.9332694696544883,2023,13.335096160739992,0
B-565009,8ae22fc4-4cd6-41d2-836b-0ed0ebb06a94,2023-01-08T13:55:49.455Z,2023-01-08T14:06:23.767Z,10.218789589209786,groß,9.16236618795693,0.8307163684511075,2023,10.571869764035643,1
B-755400,00c77f55-ed24-478c-b318-47bcce11c771,2023-01-08T14:11:23.767Z,2023-01-08T14:25:45.177Z,11.451533247797384,klein,9.085275574595386,1.1717251323045652,2024,14.35683863512744,0
B-503740,bb924070-f6b5-47c7-ae70-d4559a8bf6a2,2023-01-08T14:30:45.177Z,2023-01-08T14:42:09.235Z,10.962018463473427,klein,8.4497672475239,1.162010292197311,2023,11.400969924905045,0
B-669746,91b02e4d-5efb-4776-9523-20884766dd46,2023-01-08T14:47:09.235Z,2023-01-08T14:56:40.951Z,10.447768048558263,groß,8.50997243109535,0.9126566412384122,2024,9.528593955901183,0
B-980110,e4e2f9f0-0ad1-4b5e-a4b6-c3d7a9979fce,2023-01-08T15:01:40.951Z,2023-01-08T15:13:20.306Z,8.419051089109375,mittel,5.900097969657478,1.0394959861090427,2022,11.655917281469055,1
B-563938,1cdefdfd-6c94-4aa1-9660-96efbc3e9e71,2023-01-08T15:18:20.306Z,2023-01-08T15:33:12.886Z,10.942936714271992,mittel,10.84388809311237,1.0484784512876453,2024,14.876338402291404,0
B-768208,c36edc36-c1d5-433f-b547-7a0e134c9ac6,2023-01-08T15:38:12.886Z,2023-01-08T15:50:32.715Z,13.764048992950068,mittel,9.403578167241996,1.0163427700305219,2024,12.33048010012985,1
B-522112,ab65fb82-0c56-4c9d-afaf-2f915eb1f6ec,2023-01-08T15:55:32.715Z,2023-01-08T16:07:34.218Z,12.690840092309955,mittel,10.337412652743689,0.9305350634894505,2024,12.025043728659572,0
B-285228,65d0e32e-105a-4c25-b9af-7d5d166e12df,2023-01-08T16:12:34.218Z,2023-01-08T16:27:50.683Z,13.186373253278795,groß,12.572704821852676,0.8402150734426549,2024,15.274423289405707,1
B-347424,4e89c983-ceb1-4a53-9977-fcce478b66cc,2023-01-08T16:32:50.683Z,2023-01-08T16:41:58.921Z,8.97756864713763,groß,7.188854762270102,0.9030044869954332,2022,9.137290305891145,1
B-812547,7db5e1ca-a5af-4784-9f7c-c92b903712b5,2023-01-08T16:46:58.921Z,2023-01-08T16:56:24.649Z,8.020790359482838,mittel,6.2265932525847765,0.9974238535737677,2023,9.428801771894456,0
B-549790,c3b768ad-af18-43b7-9f08-5f3b9496dcc6,2023-01-08T17:01:24.649Z,2023-01-08T17:10:10.747Z,9.748426159800704,klein,7.441295505030137,1.1751545184311873,2023,8.768307058066336,1
B-828214,e28e2755-7477-43e3-b0d4-78d3d7362c3f,2023-01-08T17:15:10.747Z,2023-01-08T17:27:55.465Z,10.11144982457739,groß,7.908768177899504,0.8340625842376933,2022,12.74529637296011,0
B-449049,01f99182-f9ac-4b89-873b-2cbbe3d5c53f,2023-01-08T17:32:55.465Z,2023-01-08T17:45:15.444Z,12.188383036941897,klein,11.123554904230048,1.0985094075729076,2023,12.33298625423025,0
B-263079,c0922002-801f-486e-bebf-cf8333ee5cca,2023-01-08T17:50:15.444Z,2023-01-08T18:05:20.572Z,6.615070740570362,klein,5,1.1438327967976945,2022,15.085472734559552,0
B-741855,9cfb237d-2c4c-4165-97d9-a5f99ade621c,2023-01-08T18:10:20.572Z,2023-01-08T18:22:49.790Z,13.059100638921228,groß,11.980714212433309,0.8654523721516326,2023,12.48695015427354,0
B-731458,95b5cf7f-ec00-4523-86ee-aabdec32080a,2023-01-08T18:27:49.790Z,2023-01-08T18:39:01.291Z,9.683984202842021,klein,6.323230209823473,1.1172156140269278,2023,11.191685681041395,0
B-428598,8ad2658d-38dc-4e36-a412-00cbc48ec1d8,2023-01-08T18:44:01.291Z,2023-01-08T18:56:01.506Z,9.14623786010516,klein,7.050337958849713,1.1382144377571666,2022,12.003589745756214,1
B-255204,20101028-1503-4be1-a7ec-167d0626e973,2023-01-08T19:01:01.506Z,2023-01-08T19:13:15.631Z,7.975791249479665,klein,5.951388579285069,1.1030268379007007,2022,12.235414836921915,1
B-569775,e182d627-85b5-4c3d-862d-f554ec6f96c2,2023-01-08T19:18:15.631Z,2023-01-08T19:26:55.020Z,6.690286656268461,groß,5.940782594785489,0.9059622458782047,2024,8.656477453343665,0
B-641537,4b08f9ad-dd83-432e-8c56-5c970dc002c5,2023-01-08T19:31:55.020Z,2023-01-08T19:49:20.259Z,11.64634116792383,mittel,7.718948582455317,0.9852772121205983,2024,17.420663288669786,1
B-340604,1761755c-7de9-4ba0-81d0-e6aa1cf932db,2023-01-08T19:54:20.259Z,2023-01-08T20:07:22.644Z,10.146635934376807,mittel,8.579481413583387,1.0726377772563092,2022,13.039742036203823,0
B-517104,905d9d3b-aabb-4ac9-ba6b-46af3eccbcfb,2023-01-08T20:12:22.644Z,2023-01-08T20:24:47.845Z,7.420078200517892,klein,7.960372183701166,1.2,2022,12.420016616045178,0
B-618975,b11c1744-1f2f-46ce-a93e-cb5fc08957cb,2023-01-08T20:29:47.845Z,2023-01-08T20:43:01.665Z,7.409842455872768,mittel,5,0.9959477017639128,2022,13.23032796855716,1
B-688494,28205b83-a5c0-4560-a934-ec0efb076892,2023-01-08T20:48:01.665Z,2023-01-08T21:01:26.794Z,9.328430601419743,mittel,7.652450648746191,0.9495775633726325,2022,13.41882196117321,0
B-771857,b887e966-e0f3-41a5-8d39-bda3e643842c,2023-01-08T21:06:26.794Z,2023-01-08T21:18:09.927Z,13.338043050578786,mittel,10.00845226266642,0.8957051061133331,2024,11.718893028995137,0
B-663289,41a937f4-b37a-40dc-aa92-765cbfae21d0,2023-01-08T21:23:09.927Z,2023-01-08T21:33:54.179Z,9.48081729727279,mittel,8.010541044011267,0.9263981463486605,2023,10.737517727518599,1
B-850116,f61939ba-c54c-4b66-8114-4808c7b3ca7a,2023-01-08T21:38:54.179Z,2023-01-08T21:52:06.113Z,6.993714093763788,klein,5.6141190524267826,1.0813082587550669,2024,13.198901372643409,0
B-872423,e77d8863-3c85-4de1-8276-c3d005931100,2023-01-08T21:57:06.113Z,2023-01-08T22:09:52.398Z,9.50851387182811,groß,6.96532418841818,0.9189234813730752,2022,12.771421681062904,0
B-168603,1d5e6c4f-21a8-45b9-bb1b-b4b952567804,2023-01-08T22:14:52.398Z,2023-01-08T22:25:15.211Z,9.45455286050466,mittel,8.051514573274801,1.0057912293613473,2022,10.380219801821184,0
B-986000,61eb5283-3339-42b9-8fa5-53e0f3695efd,2023-01-08T22:30:15.211Z,2023-01-08T22:45:05.495Z,4.606226714116857,groß,5.489329481080229,0.8694802262045994,2023,14.838071222734527,0
B-768940,1259006a-94ef-416c-b1e5-6c828ad3e451,2023-01-08T22:50:05.495Z,2023-01-08T23:02:40.698Z,9.891410266964376,mittel,7.722224421844203,0.8889789495532436,2023,12.586704072645967,1
B-489569,dff4930b-eec6-41bf-93c4-591f456194d6,2023-01-08T23:07:40.698Z,2023-01-08T23:21:08.276Z,9.538130939582643,mittel,8.350262693814297,0.940101678539137,2022,13.459638724535262,0
B-995347,198a8228-35af-4814-8fdf-6ac8e79bfb75,2023-01-08T23:26:08.276Z,2023-01-08T23:40:55.306Z,11.392412729626837,mittel,7.820657225830306,1.0443539888223143,2024,14.783841775359837,0
B-867292,76e33ff6-bf77-4345-8356-25e9603b5a5d,2023-01-08T23:45:55.306Z,2023-01-08T23:57:57.933Z,13.69791218989069,mittel,10.001893375094545,1.0143387056191293,2023,12.043777642329669,0
B-339608,346d60e0-8c67-4af3-94ed-8a4b3108acdd,2023-01-09T00:02:57.933Z,2023-01-09T00:15:35.967Z,12.253130059095515,groß,10.27491032515679,0.8426397360657201,2023,12.63390401396823,0
B-852148,c108624d-d840-44b2-946d-97f323195c4c,2023-01-09T00:20:35.967Z,2023-01-09T00:34:13.171Z,9.462222618890339,mittel,9.053894123648236,1.028242117930006,2022,13.620054477012232,0
B-639327,7da217d9-6b0a-479c-b65b-9884799a1c64,2023-01-09T00:39:13.171Z,2023-01-09T00:49:46.187Z,7.786948182516659,klein,6.585171894798988,1.2,2022,10.550277832399896,0
B-949261,bb924070-f6b5-47c7-ae70-d4559a8bf6a2,2023-01-09T00:54:46.187Z,2023-01-09T01:06:52.673Z,15,mittel,11.686941969476846,0.9889478768231474,2022,12.108103325692001,0
B-812272,d1690185-e211-48a1-a89e-730225ba095f,2023-01-09T01:11:52.673Z,2023-01-09T01:24:07.739Z,10.118436868028976,mittel,8.094040899846537,1.0034684901329034,2023,12.251097173302297,0
B-550196,91b02e4d-5efb-4776-9523-20884766dd46,2023-01-09T01:29:07.739Z,2023-01-09T01:39:13.012Z,10.027858583825893,mittel,6.771879133090996,1.0096298459365654,2024,10.08788289663321,0
B-541421,7fc2d9cf-ca06-4f71-ba92-25326f6d851c,2023-01-09T01:44:13.012Z,2023-01-09T02:00:51.129Z,9.951749825779993,klein,8.565915186979362,1.2,2022,16.635273577347757,1
B-102924,8e8b3b7e-bbbc-4d75-8a34-68b7c4114f71,2023-01-09T02:05:51.129Z,2023-01-09T02:15:02.253Z,10.39616952153571,mittel,9.199268679551977,0.8950321867790487,2023,9.185413113015194,1
B-750358,5516f478-8e1b-4d2a-890d-356400debbfb,2023-01-09T02:20:02.253Z,2023-01-09T02:29:26.481Z,9.711279176152114,mittel,7.316933008088611,1.0341611507394404,2022,9.403792192625684,1
B-590608,f8fe2e25-5491-4258-8c9d-482d3510ed22,2023-01-09T02:34:26.481Z,2023-01-09T02:49:04.188Z,8.852675986239527,mittel,6.61209864123212,0.9942598875620469,2022,14.628453151407157,0
B-581959,3433d671-b123-4cb5-8253-ee4ddd964a89,2023-01-09T02:54:04.188Z,2023-01-09T03:07:29.780Z,8.906282117519215,mittel,7.3909039236674205,1.028338586309209,2022,13.426532501593085,0
B-593785,84ce1ef8-aadc-44be-911b-19c42e4047b3,2023-01-09T03:12:29.780Z,2023-01-09T03:22:26.664Z,9.934493459568003,mittel,7.510875031613807,0.9671313723002638,2022,9.948070365038443,1
B-123156,f0a3308c-bd91-475d-97dc-f76637204dee,2023-01-09T03:27:26.664Z,2023-01-09T03:40:39.539Z,8.91315045773247,klein,7.064387751560154,1.1475517484570774,2023,13.214578030203386,0
B-115120,d2fae981-552c-49d4-b3d9-9ebdb80bad53,2023-01-09T03:45:39.539Z,2023-01-09T04:00:35.681Z,8.57430843464567,mittel,8.959168536883052,1.0355705289732748,2022,14.935700889994619,0
B-657165,5b5ea535-db93-4fcb-9fd8-4e45f8890cbc,2023-01-09T04:05:35.681Z,2023-01-09T04:17:32.050Z,10.212860455383794,klein,7.923262663561038,1.2,2023,11.939473884806029,1
B-406971,47d58640-3ed0-4823-8658-ecb4eb04ffdd,2023-01-09T04:22:32.050Z,2023-01-09T04:39:43.908Z,9.49004556515829,klein,7.23369630010541,1.1904018094701034,2022,17.197645800149164,1
B-747524,1af4f1ab-b1fa-4ac5-b866-cb6ddef371e8,2023-01-09T04:44:43.908Z,2023-01-09T04:53:17.021Z,13.007985977165378,mittel,9.758846976097145,0.9575967200984745,2024,8.551876378263929,1
B-957815,4e89c983-ceb1-4a53-9977-fcce478b66cc,2023-01-09T04:58:17.021Z,2023-01-09T05:11:40.280Z,4.698060383213976,groß,5,0.8288120158988648,2022,13.387646907718205,1
B-100770,177dc12e-606d-47b2-802a-f5d1c09d8979,2023-01-09T05:16:40.280Z,2023-01-09T05:31:00.263Z,12.183013703844924,mittel,9.565186789857837,0.9773292945808073,2022,14.333056672442007,0
B-148703,bb5751c5-403b-4a11-be8b-4a846ab30691,2023-01-09T05:36:00.263Z,2023-01-09T05:49:47.224Z,12.492170384995259,mittel,9.344363269674782,0.9102178413684993,2023,13.782687803210493,0
B-682020,4e362a5a-c75b-488c-b335-f96088493ceb,2023-01-09T05:54:47.224Z,2023-01-09T06:06:22.702Z,5.853219535183701,groß,6.003879660419973,0.8334954904149281,2022,11.591288546708704,1
B-803973,1077bfa5-50ae-4dfa-b605-b0d60a6c0d5f,2023-01-09T06:11:22.702Z,2023-01-09T06:22:47.849Z,9.314624811839302,groß,8.87130285398508,0.8866414540910872,2023,11.4191170359777,0
B-212168,8f882698-8110-4dac-9599-67e70e1e293e,2023-01-09T06:27:47.849Z,2023-01-09T06:40:41.146Z,9.257118268008417,klein,6.805271048668029,1.08628839404616,2023,12.888290342174514,1
B-345600,20c4d15d-fab2-4b39-ab18-732923d97cea,2023-01-09T06:45:41.146Z,2023-01-09T06:59:19.037Z,7.184976610564357,groß,5,0.9024241325525296,2024,13.63150897330414,0
B-397415,665f9240-380b-46d3-8ec4-2bdd19a7ec61,2023-01-09T07:04:19.037Z,2023-01-09T07:17:31.333Z,8.44436662481825,mittel,7.7630069896915215,1.024388741054217,2022,13.204946872564726,0
B-883008,72e8dc51-ab4f-43e0-9654-3cf7c8ce567e,2023-01-09T07:22:31.333Z,2023-01-09T07:36:36.140Z,7.7788483090683425,mittel,5.53844882149467,0.9632883339014481,2023,14.080115781586779,1
B-469522,56de3ce0-b9eb-479c-9cf3-3c59c94c573e,2023-01-09T07:41:36.140Z,2023-01-09T07:51:33.876Z,13.504540886847245,klein,11.594258308640566,1.1429235181331074,2024,9.962260085866529,0
B-418450,aee84e3f-01ca-4ec9-84e4-929dc9c16988,2023-01-09T07:56:33.876Z,2023-01-09T08:08:06.543Z,11.871356786294923,mittel,7.5269816113241035,1.0799160903820517,2024,11.54445804175273,1
B-761327,5f0e6b0b-b880-487d-9690-ba049ce0d2fe,2023-01-09T08:13:06.543Z,2023-01-09T08:23:13.742Z,12.543110189988317,klein,10.927085490289963,1.1866773906752932,2022,10.119968135752492,0
B-966927,c66b3dca-3637-4509-9c77-d02d6508dfe2,2023-01-09T08:28:13.742Z,2023-01-09T08:39:27.408Z,11.443344128086471,klein,7.943503373188396,1.1504391827449072,2024,11.227774447827716,1
B-779453,8180923e-9b87-4f2c-a03d-d1d120b12b55,2023-01-09T08:44:27.408Z,2023-01-09T08:58:29.235Z,7.741896457565542,mittel,6.924281285118958,0.9881158341519508,2022,14.03044178362861,0
B-934239,7da217d9-6b0a-479c-b65b-9884799a1c64,2023-01-09T09:03:29.235Z,2023-01-09T09:15:42.193Z,8.950959467440452,groß,7.175040641788796,0.8538304535225829,2022,12.215967841450457,0
B-557325,e4b58038-32ed-4989-b1bc-3911e787149d,2023-01-09T09:20:42.193Z,2023-01-09T09:37:55.016Z,10.978749122455836,groß,7.829059878568025,0.8244118221028848,2023,17.21371832629954,0
B-850888,b887e966-e0f3-41a5-8d39-bda3e643842c,2023-01-09T09:42:55.016Z,2023-01-09T09:55:18.224Z,7.555744382216109,mittel,5.6375591928461075,0.8947625247140493,2023,12.386812734379435,0
B-142599,a4fd08a5-7f06-4cb8-aba9-fea11ef59080,2023-01-09T10:00:18.224Z,2023-01-09T10:12:25.388Z,11.425996860344776,groß,9.82711594523252,0.9521088955267365,2024,12.119383761159472,1
B-588058,f8fe2e25-5491-4258-8c9d-482d3510ed22,2023-01-09T10:17:25.388Z,2023-01-09T10:29:38.129Z,9.51934920368373,groß,7.7213738160622185,0.8577662499599701,2024,12.212365838880432,0
B-326494,198a8228-35af-4814-8fdf-6ac8e79bfb75,2023-01-09T10:34:38.129Z,2023-01-09T10:45:21.592Z,9.250358384900805,mittel,7.984699688393128,1.0199073632561269,2022,10.724382614280128,0
B-439837,565f919e-765b-4eca-8b89-695547255d49,2023-01-09T10:50:21.592Z,2023-01-09T11:02:14.652Z,11.421919936406983,klein,11.113976533641072,1.1471046125061544,2024,11.884326775244812,0
B-537879,6d476a10-65f6-4b07-9c58-784702af0960,2023-01-09T11:07:14.652Z,2023-01-09T11:21:29.987Z,10.88852662297208,mittel,7.146579686666613,0.9632441599637706,2022,14.255576054223292,0
B-399241,7e80404e-52db-4979-80cf-34365c4c6088,2023-01-09T11:26:29.987Z,2023-01-09T11:38:43.663Z,9.27806766836184,groß,9.039666709658096,0.8407037759525614,2022,12.227941336255544,0
B-210007,7d4c2129-09fa-4526-807d-43fb6c93062f,2023-01-09T11:43:43.663Z,2023-01-09T11:54:08.448Z,12.318659606728495,mittel,9.95928362290601,0.9200302618902845,2024,10.413080540233057,0
B-119760,aab017ff-329b-46bb-8422-54980b0ac1f7,2023-01-09T11:59:08.448Z,2023-01-09T12:09:17.438Z,7.837873344800205,mittel,5.371514627517037,1.1138543249026651,2022,10.149830759042729,0
B-649344,dd19fdfb-d2ec-4ea6-b22d-630c656e672d,2023-01-09T12:14:17.438Z,2023-01-09T12:25:23.414Z,11.231871213888528,mittel,7.655183345371833,0.9382744000788802,2023,11.099596216668314,1
B-104262,305de8da-3a3e-4b95-aa29-95008032aa97,2023-01-09T12:30:23.414Z,2023-01-09T12:42:32.277Z,11.186202515936767,mittel,8.759841621972381,0.9484016858076411,2024,12.14772686882176,0
B-930439,4d2ed807-db6e-4e52-9395-d4f0da96c0c0,2023-01-09T12:47:32.277Z,2023-01-09T13:01:55.508Z,9.380907121372019,mittel,8.426375809022074,0.97798703978068,2024,14.387173070952525,1
B-915482,3c087b53-8562-461e-9f3b-733298cd40fe,2023-01-09T13:06:55.508Z,2023-01-09T13:16:14.649Z,10.652266044484236,klein,8.394263715209854,1.2,2023,9.319022717267126,0
B-114199,60110ed4-fd25-40b7-b746-13a94f79c5eb,2023-01-09T13:21:14.649Z,2023-01-09T13:32:36.270Z,7.497772847229394,mittel,7.509373208030862,1.0007254499631326,2022,11.360347444222487,0
B-621488,fddb4be5-9d42-4054-a819-ce70c5a24c1d,2023-01-09T13:37:36.270Z,2023-01-09T13:49:53.587Z,11.848054038413801,groß,8.027267540679484,0.8,2023,12.288620038870159,0
B-693662,49bb4445-8db1-4284-955b-1c563e4bee93,2023-01-09T13:54:53.587Z,2023-01-09T14:03:13.542Z,9.630195727114021,groß,7.692067633845163,0.9127169180378669,2022,8.33258846474113,0
B-560638,bd30c88f-eb8c-4744-a406-c707d2303254,2023-01-09T14:08:13.542Z,2023-01-09T14:18:33.510Z,8.95455395896192,klein,5.911249722756417,1.186550031339274,2022,10.332803434067188,0
B-941811,65d0e32e-105a-4c25-b9af-7d5d166e12df,2023-01-09T14:23:33.510Z,2023-01-09T14:34:11.924Z,12.098018451673779,groß,10.042046643963992,0.8769217478608226,2023,10.640222920527627,1
B-296161,475dbf96-72e9-4cb1-983b-915b2e1625ba,2023-01-09T14:39:11.924Z,2023-01-09T14:49:36.407Z,8.59131261891448,mittel,7.759937485228885,1.035786712058542,2024,10.408059252299003,0
B-891918,2466c685-cabe-4822-be1c-cd46258370fe,2023-01-09T14:54:36.407Z,2023-01-09T15:06:59.434Z,7.183077407272881,mittel,5.325700132137253,1.1197180950291226,2022,12.383779090043294,1
B-849278,151e1cb1-fb24-4ba6-b6de-1d409930fef6,2023-01-09T15:11:59.434Z,2023-01-09T15:23:40.167Z,6.8867416529521925,mittel,5,1.1092547447518055,2022,11.678880780996405,0
B-654826,1db4cd7e-dc4a-4171-a3de-8651c72a865b,2023-01-09T15:28:40.167Z,2023-01-09T15:39:33.533Z,11.21201990269128,groß,9.168564068949518,0.8156642328498352,2024,10.889427794797928,0
B-701621,bd30c88f-eb8c-4744-a406-c707d2303254,2023-01-09T15:44:33.533Z,2023-01-09T15:57:24.888Z,7.439141295007434,groß,6.388051587739457,0.9311942496405576,2022,12.85592525310527,0
B-407688,e74c33e0-b6ae-4e95-bca2-5ce5ff24156b,2023-01-09T16:02:24.888Z,2023-01-09T16:17:51.657Z,13.50958836396873,mittel,11.21196544613668,1.0191584094879451,2024,15.446149435292499,1
B-599658,fd08cdc6-834c-4231-b694-d57f4ffaf3fb,2023-01-09T16:22:51.657Z,2023-01-09T16:38:08.368Z,5.836141184232556,groß,5.904695139208199,0.8749547908068874,2022,15.278513033483504,0
B-101829,56b3fe5d-1583-4c55-90f0-768e06b108d2,2023-01-09T16:43:08.368Z,2023-01-09T16:51:17.635Z,13.392912736580076,klein,9.643276509615012,1.0653864584178334,2023,8.154456455875327,1
B-915067,7481bd5e-5bfd-49b6-a4f9-525ad07dd230,2023-01-09T16:56:17.635Z,2023-01-09T17:09:26.884Z,10.422034934405238,mittel,9.01784405297464,0.9914807117305902,2024,13.154144367670279,0
B-371250,545d7063-7727-4a3f-9389-57a48c82207e,2023-01-09T17:14:26.884Z,2023-01-09T17:26:05.521Z,9.806573776259215,mittel,9.037766533485348,0.9593588204831718,2022,11.643953419872323,0
B-771002,f3534af1-57e2-4c40-9ece-3973957185cf,2023-01-09T17:31:05.521Z,2023-01-09T17:43:24.140Z,8.910161826382101,mittel,5.349541877099164,1.0414029407446654,2023,12.310310685730713,0
B-194013,b43019f7-1091-4580-97fc-cec73c918888,2023-01-09T17:48:24.140Z,2023-01-09T17:59:36.346Z,10.798272228704143,klein,8.958269608882292,1.2,2023,11.203433932914903,1
B-299603,8ed99789-8c35-4069-9bfb-cd4000879cd6,2023-01-09T18:04:36.346Z,2023-01-09T18:16:50.456Z,9.924730595150303,groß,7.435604645112571,0.8,2022,12.235177259774405,1
B-952528,6c4f7817-26d7-4b65-87a0-90039994dd23,2023-01-09T18:21:50.456Z,2023-01-09T18:34:08.625Z,12.206603764033042,klein,9.68376033812479,1.1488982567997863,2024,12.302814792144037,0
B-188206,e74c33e0-b6ae-4e95-bca2-5ce5ff24156b,2023-01-09T18:39:08.625Z,2023-01-09T18:49:59.151Z,10.228455297324079,klein,8.5304407213976,1.2,2023,10.842096485302154,1
B-688883,1259006a-94ef-416c-b1e5-6c828ad3e451,2023-01-09T18:54:59.151Z,2023-01-09T19:05:11.587Z,10.300603522923755,mittel,7.7532542542254514,0.9906660518843278,2024,10.207264904349639,0
B-167912,cc78a654-552c-4a33-8d91-22fd5b0bffb6,2023-01-09T19:10:11.587Z,2023-01-09T19:21:17.744Z,9.272775575572288,mittel,6.742512381296219,1.0364531822501182,2022,11.102608634761031,1
B-648499,e77d8863-3c85-4de1-8276-c3d005931100,2023-01-09T19:26:17.744Z,2023-01-09T19:38:45.855Z,9.886108752557865,groß,7.943039419534316,0.8675582733813542,2023,12.468518528913531,1
B-172423,c36e497e-c939-4835-8199-f8560ebbf93d,2023-01-09T19:43:45.855Z,2023-01-09T19:56:57.734Z,10.615603537784118,mittel,7.405236891364491,1.0170830115976313,2024,13.197992683368529,1
B-920432,545d7063-7727-4a3f-9389-57a48c82207e,2023-01-09T20:01:57.734Z,2023-01-09T20:15:40.136Z,6.579663214686748,klein,5,1.136434251096585,2022,13.706697954680294,1
B-447204,c7eb3963-ec22-4ddc-b4c6-bc5163ee1f1f,2023-01-09T20:20:40.136Z,2023-01-09T20:31:40.833Z,7.303629155788574,groß,6.522276607587363,0.8,2022,11.011619953866175,0
B-233821,1db4cd7e-dc4a-4171-a3de-8651c72a865b,2023-01-09T20:36:40.833Z,2023-01-09T20:49:14.895Z,11.48652818804543,mittel,8.04042851527769,0.9439234926287486,2024,12.567689134605473,0
B-740888,ab9dcd35-6d16-43b4-9e91-35b96083c155,2023-01-09T20:54:14.895Z,2023-01-09T21:08:10.395Z,10.341730876255884,klein,8.93969720191392,1.1854676257227659,2024,13.925005183906597,0
B-262101,e28e2755-7477-43e3-b0d4-78d3d7362c3f,2023-01-09T21:13:10.395Z,2023-01-09T21:27:30.266Z,9.632033327294641,mittel,8.168217954689664,1.0009729127759441,2024,14.331189790288256,0
B-364214,7ae6daed-80a3-4772-bba4-38165dc6228a,2023-01-09T21:32:30.266Z,2023-01-09T21:44:23.206Z,10.036867866130786,mittel,6.303687564114032,0.9930743877696387,2024,11.882334291736955,0
B-928278,02f79c5f-3334-43cb-9fba-b73b383c467c,2023-01-09T21:49:23.206Z,2023-01-09T22:00:56.695Z,10.695163410723342,mittel,7.878566076243019,0.9788054978838824,2024,11.558136550120775,0
B-518080,f04cd2f0-b6ec-4091-af44-9943ac8ebddc,2023-01-09T22:05:56.695Z,2023-01-09T22:18:19.630Z,8.920480639381276,mittel,8.330493914552394,0.9847405577259624,2022,12.382248467672785,0
B-775630,4c17c290-2681-481c-9694-62328954e774,2023-01-09T22:23:19.630Z,2023-01-09T22:33:01.665Z,8.443390549195374,groß,5.773546908216619,0.9023455897244069,2024,9.700585054205188,0
B-384529,be6c8cc1-8283-430f-afa9-a23bf95bc688,2023-01-09T22:38:01.665Z,2023-01-09T22:49:38.431Z,10.391690510195364,groß,7.8489481458469035,0.8332377959065986,2024,11.612780977928983,0
B-788067,9484c297-6d68-47ed-aab9-2c2b616a6de9,2023-01-09T22:54:38.431Z,2023-01-09T23:08:07.782Z,8.043254444769936,mittel,6.8966644490678455,0.9329467643349215,2022,13.48917279694626,0
B-797990,fddb4be5-9d42-4054-a819-ce70c5a24c1d,2023-01-09T23:13:07.782Z,2023-01-09T23:26:24.815Z,10.816505511428943,klein,9.436594918425751,1.1871825887770087,2023,13.283894258887402,1
B-283509,4b08f9ad-dd83-432e-8c56-5c970dc002c5,2023-01-09T23:31:24.815Z,2023-01-09T23:42:52.383Z,6.594832791524319,groß,5.02432734717496,0.8397561668067641,2022,11.459464791272222,0
B-174916,cc78a654-552c-4a33-8d91-22fd5b0bffb6,2023-01-09T23:47:52.383Z,2023-01-10T00:00:18.510Z,12.058311274651288,mittel,9.04913882502939,1.0015697932766388,2024,12.435436402174334,1
B-331867,26f5597a-9a03-4179-b42d-268a38e4efdb,2023-01-10T00:05:18.510Z,2023-01-10T00:15:39.552Z,10.945194964826086,mittel,10.178525833559377,1.0803789153199754,2024,10.350699319418625,0
B-896748,4b41070a-bdb6-4f55-8cd7-5dd6acf8a1f1,2023-01-10T00:20:39.552Z,2023-01-10T00:34:03.971Z,10.51205946862775,mittel,10.148547238699779,0.9989719721324747,2024,13.40698429645005,0
B-652956,7ae6daed-80a3-4772-bba4-38165dc6228a,2023-01-10T00:39:03.971Z,2023-01-10T00:50:54.632Z,11.965381967891028,groß,10.551163625094619,0.8644591836559362,2024,11.844357127727054,0
B-672529,2466c685-cabe-4822-be1c-cd46258370fe,2023-01-10T00:55:54.632Z,2023-01-10T01:07:21.518Z,13.330948888925153,mittel,10.750077253705147,0.9410538254350838,2023,11.448097096607723,0
B-400070,4d4261a7-6023-422d-82cb-b4e7aac6d1f6,2023-01-10T01:12:21.518Z,2023-01-10T01:23:38.111Z,12.028740130036262,klein,8.814726382388082,1.139016527382452,2024,11.276552327813226,0
B-743749,a598dfdb-3fc4-41b2-82b0-b7e9c5dfc62f,2023-01-10T01:28:38.111Z,2023-01-10T01:40:30.564Z,6.318251537336709,mittel,5,1.03047630226043,2022,11.874212266200283,0
B-223015,ae576132-5006-4eb1-b174-fdf0ee1ed151,2023-01-10T01:45:30.564Z,2023-01-10T01:56:36.818Z,7.4408460665285965,groß,6.475190958488635,0.8,2022,11.104244710136083,0
B-541293,cf931358-32fd-4a4f-b21b-77fef332563e,2023-01-10T02:01:36.818Z,2023-01-10T02:14:55.796Z,8.750362844608642,klein,7.418688496575598,1.1600422546557854,2022,13.316286072005127,0
B-160409,c487f77f-ab78-4d38-a79a-1fd722938c3c,2023-01-10T02:19:55.796Z,2023-01-10T02:31:08.362Z,10.052182100421668,groß,9.443344273283763,0.8550395536322403,2024,11.209432903967638,1
B-555041,cf336a55-1135-477b-a779-54a641108a82,2023-01-10T02:36:08.362Z,2023-01-10T02:51:19.517Z,11.035318040938247,mittel,9.478704525286737,1.0020643727793719,2022,15.185928192054762,0
B-210298,bb924070-f6b5-47c7-ae70-d4559a8bf6a2,2023-01-10T02:56:19.517Z,2023-01-10T03:11:15.342Z,8.548512373693068,mittel,5.3357295971946375,1.0518579449329122,2022,14.930421006962762,0
B-950321,e1d10d14-cc9a-4af6-8161-38d9baea1236,2023-01-10T03:16:15.342Z,2023-01-10T03:26:28.357Z,10.373533528954157,klein,9.350774440886244,1.166721925742426,2023,10.21691302029099,0
B-311357,028e5e4f-1ba3-4a35-b485-50e83b5b5617,2023-01-10T03:31:28.357Z,2023-01-10T03:43:36.722Z,8.489234135293355,klein,5.793326680920272,1.2,2022,12.13940853885856,0
B-656951,a63fff40-095c-4ca1-beed-c0c9abfc8130,2023-01-10T03:48:36.722Z,2023-01-10T03:59:18.643Z,8.776964394016103,groß,6.637600243260531,0.8003205242202982,2022,10.69868675732761,1
B-208770,ee1b4806-fa0d-414a-b834-94daffd0c308,2023-01-10T04:04:18.643Z,2023-01-10T04:15:39.445Z,7.186677806303555,klein,5.999542451294539,1.1567962283609172,2022,11.346704873622777,0
B-774938,5b8f2219-0761-4760-a450-2b2f260d20d5,2023-01-10T04:20:39.445Z,2023-01-10T04:36:39.737Z,8.153533507778192,mittel,8.518494296006518,1.0042233393194975,2022,16.004854935289593,0
B-232943,57bb7f21-3ded-48d3-be98-2f3949819222,2023-01-10T04:41:39.737Z,2023-01-10T04:53:02.828Z,7.296630788767333,mittel,8.947223187019228,0.946537275312246,2022,11.384857165768402,0
B-658974,3976ba2b-f136-4e77-ae56-3c2cc7a67a11,2023-01-10T04:58:02.828Z,2023-01-10T05:10:46.055Z,8.048253494045335,klein,7.045325854372451,1.1978147501045673,2022,12.720452074154858,0
B-276850,b2879b38-d5ec-4af6-b4ef-3e5a077a5ab8,2023-01-10T05:15:46.055Z,2023-01-10T05:28:51.014Z,12.10728359321568,klein,9.502630255852157,1.2,2023,13.082642588016556,0
B-968038,91b02e4d-5efb-4776-9523-20884766dd46,2023-01-10T05:33:51.014Z,2023-01-10T05:43:50.938Z,8.101202222336115,mittel,7.015467426349442,0.9991496962758084,2022,9.998741255033519,1
B-214371,c7eb3963-ec22-4ddc-b4c6-bc5163ee1f1f,2023-01-10T05:48:50.938Z,2023-01-10T05:59:08.327Z,15,groß,12.887655425873836,0.8752510544136883,2024,10.28980905118159,0
B-995643,0affee22-b431-458c-bedc-0f7df06adf0b,2023-01-10T06:04:08.327Z,2023-01-10T06:13:43.604Z,10.986635801761778,mittel,8.468641015852231,1.0042259237907665,2024,9.587955257183761,0
B-353876,ab9dcd35-6d16-43b4-9e91-35b96083c155,2023-01-10T06:18:43.604Z,2023-01-10T06:28:57.288Z,10.369672247389747,mittel,10.09094915382412,0.9643207665046412,2024,10.228058532204447,0
B-188505,c30e4af7-cb7f-44d8-8a63-7df97c0518f7,2023-01-10T06:33:57.288Z,2023-01-10T06:40:15.284Z,8.283284439637573,mittel,6.85669831090146,0.9089619861098992,2022,6.2999397813656355,0
B-970337,1a70e5d3-1c9b-467c-a891-e910578e36cd,2023-01-10T06:45:15.284Z,2023-01-10T06:58:20.634Z,11.400619758817983,mittel,9.618238896145781,0.9647113258452318,2024,13.089164801587255,0
B-350308,d6b4a483-c620-4837-b22c-e60d9917d1d8,2023-01-10T07:03:20.634Z,2023-01-10T07:19:27.137Z,8.848724347524453,mittel,7.744903730074023,0.9304020809524134,2022,16.108387682512138,0
B-907177,7c4add0b-a69d-4c23-856c-30f5d3ad05e1,2023-01-10T07:24:27.137Z,2023-01-10T07:36:44.876Z,10.244019629290722,groß,8.616802314047035,0.9352051039029559,2023,12.295641478073055,0
B-674228,5ef7ac4a-0533-478a-9b2c-5a93c79da1d9,2023-01-10T07:41:44.876Z,2023-01-10T07:50:54.923Z,15,mittel,12.838940500469612,0.9942445153038381,2023,9.167462281318786,0
B-151734,de9d60a2-81d2-4eae-8499-6ebb52c5027b,2023-01-10T07:55:54.923Z,2023-01-10T08:06:37.790Z,9.8078802005507,mittel,7.229050973893637,0.9827040335476415,2022,10.714447234200104,0
B-656038,7fa27048-4c91-43fb-81bf-3b7080eca63a,2023-01-10T08:11:37.790Z,2023-01-10T08:22:42.725Z,12.298546652571352,klein,9.28053556811105,1.1944576912393903,2024,11.082246309950007,0
B-320948,1afeb800-0bf6-4688-badb-d447e289d90a,2023-01-10T08:27:42.725Z,2023-01-10T08:37:40.615Z,8.593647149748225,groß,5.774763486826886,0.8,2023,9.964830445573249,0
B-982835,8ad2658d-38dc-4e36-a412-00cbc48ec1d8,2023-01-10T08:42:40.615Z,2023-01-10T08:56:23.837Z,9.930023019006077,klein,8.38351964582509,1.1116567980997722,2022,13.720365276790313,0
B-886008,a5c3b487-5961-4c27-9ce4-b772604f0537,2023-01-10T09:01:23.837Z,2023-01-10T09:15:01.068Z,13.54160127127102,klein,11.61221752052893,1.153403613462431,2024,13.620520088750668,0
B-329080,91b9deb6-1102-43be-afbe-89e8bd6f9a8a,2023-01-10T09:20:01.068Z,2023-01-10T09:29:42.414Z,8.746065884424466,mittel,7.454625573691459,1.051438449571174,2022,9.68909641236468,0
B-132473,61eb5283-3339-42b9-8fa5-53e0f3695efd,2023-01-10T09:34:42.414Z,2023-01-10T09:48:09.423Z,13.624897115993857,mittel,12.574410126142624,1.0250842522584394,2024,13.450162088895016,1
B-954489,89b03343-f3b7-4037-b43c-ae5c9af3993b,2023-01-10T09:53:09.423Z,2023-01-10T10:08:12.641Z,11.415503870910952,mittel,9.126807077899715,1.0124162571257942,2024,15.053625327154531,1
B-746519,29f0c0dc-75d4-49e8-bafe-4623433cddb1,2023-01-10T10:13:12.641Z,2023-01-10T10:29:00.948Z,8.875066448211465,mittel,7.7687948141616845,1.003905886761801,2022,15.805116410459119,1
B-187392,16dab3a7-a7a9-4351-988e-15e6f5c785d4,2023-01-10T10:34:00.948Z,2023-01-10T10:51:44.773Z,11.264815478111043,mittel,7.92015150634952,1.0200117927763388,2024,17.730424046171926,1
B-962710,ebdafc53-eb36-4c65-8d0c-ee8d3627828a,2023-01-10T10:56:44.773Z,2023-01-10T11:06:56.534Z,11.94510889925346,klein,9.168987416928367,1.1600826452564625,2024,10.196014701113604,1
B-819815,2466c685-cabe-4822-be1c-cd46258370fe,2023-01-10T11:11:56.534Z,2023-01-10T11:29:35.441Z,11.243619924434393,groß,9.690433697113292,0.8,2023,17.648440852790408,1
B-555283,5ef7ac4a-0533-478a-9b2c-5a93c79da1d9,2023-01-10T11:34:35.441Z,2023-01-10T11:45:52.936Z,6.859550560219088,mittel,6.336742558918414,1.0023039610816575,2022,11.291587222982423,1
B-845152,26f5597a-9a03-4179-b42d-268a38e4efdb,2023-01-10T11:50:52.936Z,2023-01-10T12:01:41.840Z,8.545725648350263,mittel,6.542613571016029,0.9463155670541123,2022,10.815069089238971,1
